cat_0,cat_1,num_0,num_1,num_2,num_3,num_4,num_5,num_6,num_7,num_8,num_9,num_10,num_11,num_12,target
0.0,2.0,4.0,17.55,49.44,14.56,-170.23,79.56,-44.27,-103.5,-3.81,171.46,44.66,-2.48,104.88,2.0
2.0,1.0,-136.68,-3.8,-8.77,-26.93,-74.72,-6.04,80.82,-85.75,1.16,-9.54,30.45,-15.27,47.73,1.0
1.0,2.0,-32.4,-11.62,-23.73,5.61,-27.91,33.3,178.95,-68.58,2.98,68.9,-25.44,15.51,-13.59,2.0
1.0,2.0,121.35,-18.62,-78.82,-4.76,-78.89,-5.4,-78.03,-212.35,1.36,-82.05,14.69,-3.58,8.75,1.0
1.0,1.0,62.75,70.99,61.4,10.24,-28.8,-69.93,52.97,70.43,1.51,-5.2,-2.89,7.23,1.62,0.0
2.0,1.0,12.75,11.97,-41.17,41.83,-30.98,-56.89,-198.75,16.18,-1.42,-141.85,26.13,-0.02,13.05,2.0
2.0,2.0,2.14,2.94,-22.9,71.03,36.97,-39.71,49.75,-35.07,-1.03,-36.65,-21.22,-12.13,-69.52,0.0
2.0,2.0,24.26,59.71,-84.01,-35.12,-81.87,37.97,-59.18,-159.23,-1.99,-23.23,25.99,0.76,2.68,1.0
0.0,3.0,40.86,-35.77,-105.86,21.11,-72.67,115.7,-88.11,69.31,1.22,132.05,-45.02,-6.01,-54.56,1.0
2.0,2.0,149.71,32.33,33.05,-25.12,-59.08,40.44,-85.95,-65.15,-3.85,27.21,-17.71,8.04,140.48,1.0
1.0,2.0,-80.32,-7.87,-46.54,8.15,-110.11,53.41,3.78,56.58,1.6,145.45,18.66,-14.06,-92.89,2.0
1.0,2.0,70.03,-12.43,-59.05,-35.63,-68.27,16.67,90.64,-13.21,-1.33,-21.55,17.43,3.47,-13.65,1.0
3.0,2.0,-66.87,-10.5,-17.84,36.46,57.69,18.38,115.32,57.01,4.39,17.07,-11.57,-10.08,-50.77,1.0
2.0,2.0,128.13,7.77,-84.16,47.26,27.64,-12.46,74.94,43.59,2.78,-167.42,-0.1,1.16,7.39,1.0
2.0,2.0,35.62,61.63,41.65,14.29,13.84,-72.15,-62.99,97.88,-1.34,-16.84,-12.17,-2.99,-45.15,0.0
1.0,2.0,3.45,-14.89,-5.76,-40.46,105.9,-17.74,-18.07,111.33,-0.51,-98.51,-29.67,-17.41,21.45,0.0
2.0,1.0,-20.39,-49.53,-95.38,76.09,-76.77,6.37,2.74,113.3,-0.84,-17.41,71.95,16.41,-141.15,2.0
2.0,2.0,-196.33,52.54,51.68,46.97,-35.46,-5.5,79.91,22.59,-2.45,255.96,-8.23,17.33,-190.01,1.0
1.0,1.0,-10.76,-15.07,44.73,-8.83,109.95,-34.85,100.7,-109.7,1.51,-47.66,32.78,-8.58,-41.32,0.0
1.0,2.0,79.42,37.78,21.47,-66.85,-221.96,-51.57,-21.72,-142.42,0.87,129.42,-20.46,14.56,-19.11,0.0
2.0,2.0,-155.11,4.94,-7.28,11.85,-225.11,103.65,-115.99,-29.77,-0.96,313.64,-5.54,6.53,-17.91,2.0
1.0,1.0,-70.78,-10.59,30.29,-24.03,-247.43,0.05,-61.93,64.04,3.17,178.26,41.7,-7.11,-6.37,1.0
2.0,1.0,-60.38,-54.6,70.87,-4.25,-126.93,-13.33,-35.16,-186.93,3.31,122.41,1.93,-5.14,64.45,1.0
1.0,2.0,-202.53,-15.05,5.66,-7.11,-217.03,26.27,-109.37,84.56,-0.22,322.65,-12.82,-7.02,-143.3,2.0
3.0,2.0,169.7,-21.76,16.77,35.06,-5.99,-125.02,-90.45,-51.33,-1.79,-89.92,-8.69,7.32,-84.77,0.0
2.0,2.0,-119.46,-7.63,34.65,-12.03,19.19,80.54,9.68,35.21,1.97,140.83,21.62,11.72,-5.13,2.0
2.0,1.0,80.49,-28.7,-2.88,-22.93,55.68,-59.94,-69.09,107.48,-1.62,-201.46,59.38,5.49,27.29,2.0
2.0,2.0,-83.43,17.58,-41.95,31.0,-54.62,32.4,94.98,47.98,-2.36,95.87,12.58,6.89,-96.89,2.0
2.0,1.0,55.83,-3.89,-89.81,-33.61,76.96,-19.47,161.85,10.45,-1.95,-208.6,35.99,10.07,-25.54,2.0
2.0,2.0,12.86,-67.7,11.34,24.77,-139.81,-60.72,-179.47,-22.3,-1.36,37.7,-5.98,-12.98,-12.71,0.0
1.0,2.0,-22.63,-15.97,-52.23,4.27,-30.83,45.1,-28.37,60.01,1.03,102.27,-11.68,7.69,-106.97,1.0
1.0,2.0,-95.22,-46.04,17.82,0.31,-4.75,21.8,55.17,3.32,3.15,130.1,-17.31,-12.58,-65.7,1.0
2.0,2.0,174.81,-41.13,-77.41,-22.58,-62.0,11.91,107.04,-161.24,2.97,-65.16,19.62,4.49,-12.08,0.0
1.0,2.0,53.25,-62.85,-11.74,-4.57,46.73,-1.7,-96.28,56.59,4.67,-80.67,10.9,9.01,20.16,1.0
1.0,2.0,150.98,31.26,4.16,44.14,-109.48,19.38,95.78,2.68,0.62,51.07,0.86,-6.23,41.68,0.0
1.0,3.0,-132.52,-11.79,24.81,-43.76,-35.31,-43.3,-63.74,104.65,-4.6,138.87,-118.06,-5.64,-51.0,2.0
1.0,2.0,15.49,37.45,39.76,0.01,-150.91,-13.8,95.29,-14.91,0.01,138.25,-9.36,-5.1,-1.76,2.0
1.0,2.0,-65.78,95.24,-73.14,-31.62,175.41,110.39,-41.5,91.83,-0.03,-32.29,-32.76,-5.63,1.01,1.0
2.0,2.0,-91.71,5.89,-8.51,-52.01,-62.98,16.05,-173.34,-4.72,2.62,96.68,-19.91,-6.65,-24.3,2.0
2.0,1.0,-34.12,32.0,136.31,63.36,-39.55,3.39,172.93,58.1,-2.33,142.32,-3.7,9.23,91.99,2.0
2.0,2.0,-64.36,58.35,-8.27,-25.16,-138.01,18.21,-33.7,71.3,-2.34,157.46,-45.41,15.38,-19.15,2.0
0.0,2.0,23.07,74.63,-50.44,-12.79,142.78,-12.27,37.88,-40.46,-0.81,-174.43,1.15,9.42,-2.57,1.0
1.0,2.0,201.64,5.84,18.32,-58.07,-250.1,-149.9,289.05,-74.92,3.66,57.09,-43.51,-7.12,-79.6,0.0
2.0,2.0,-66.68,-14.52,3.52,-17.31,-71.99,61.11,127.81,124.48,2.69,221.53,-2.41,10.95,-111.41,0.0
2.0,2.0,90.55,31.52,109.92,-19.66,-158.19,-40.64,-15.06,-2.98,-2.88,144.06,-78.64,3.52,127.88,0.0
0.0,2.0,-28.65,-40.57,19.68,-7.82,-65.07,43.57,-16.57,-104.74,-3.04,113.66,-8.72,10.44,36.36,2.0
1.0,2.0,71.17,13.98,-14.72,21.44,-53.37,34.84,-51.61,-1.89,2.79,19.7,-46.84,-9.93,92.53,0.0
2.0,2.0,1.03,72.58,30.06,-11.72,-88.9,87.34,-58.17,-141.0,-4.38,121.8,11.93,-15.92,117.61,2.0
1.0,2.0,-5.83,55.72,19.16,-1.98,-233.83,-29.66,-83.13,10.07,4.22,106.93,-19.4,8.27,59.78,0.0
2.0,2.0,68.37,64.18,-10.35,-6.42,-54.43,-0.87,-30.47,11.53,-4.85,-13.19,-20.96,9.37,54.33,0.0
1.0,3.0,-62.47,-8.65,2.67,-41.82,-46.54,19.88,33.46,-98.83,-5.15,200.98,-21.59,20.63,-148.27,1.0
2.0,2.0,-4.26,41.19,-28.61,-26.38,26.19,12.1,46.28,19.15,-1.33,-40.45,10.12,-7.65,-7.49,2.0
1.0,2.0,25.43,-2.27,40.35,5.41,-159.13,-10.42,44.25,0.36,0.3,121.01,-16.23,-2.4,39.65,0.0
2.0,2.0,147.79,-9.24,-18.93,-14.21,70.93,30.41,-140.49,41.01,0.94,-46.9,-8.36,12.3,4.07,0.0
1.0,2.0,101.89,-51.62,5.11,-1.95,18.25,-132.84,55.15,-217.85,-3.3,-77.09,-14.28,0.83,-129.55,0.0
3.0,2.0,-85.79,47.11,-18.3,-6.0,-127.89,-17.18,19.04,40.67,-2.86,85.33,-8.22,-13.37,-44.99,2.0
1.0,1.0,50.95,-3.71,-70.52,1.45,3.28,-14.82,154.87,72.2,-4.23,-164.93,23.64,-2.68,31.13,1.0
2.0,1.0,-102.21,-55.63,-35.37,2.27,8.85,20.39,-122.85,44.53,-1.33,-0.84,21.95,-2.0,-39.4,1.0
2.0,3.0,-22.49,26.75,96.06,28.18,54.69,76.01,42.49,64.28,4.17,185.46,-49.98,-2.89,58.46,1.0
2.0,2.0,-178.45,45.15,-52.42,-34.04,19.45,82.74,15.82,140.06,-0.69,136.82,-40.0,-2.51,-79.33,1.0
3.0,2.0,25.05,-8.6,-71.69,-15.21,-40.53,-19.89,28.6,-56.42,2.19,-71.25,10.35,2.58,-40.82,1.0
1.0,2.0,51.54,-34.95,91.78,9.2,-150.61,-57.95,96.53,-11.07,1.86,132.29,-57.44,5.08,60.25,0.0
1.0,2.0,44.85,22.46,-14.78,21.05,-28.87,-24.83,31.95,-11.62,2.06,9.89,20.68,-9.02,-85.82,0.0
2.0,2.0,-21.73,64.46,34.44,-0.49,-196.41,32.66,3.86,-84.12,-1.43,218.81,11.83,1.91,-7.67,0.0
2.0,2.0,2.59,-26.06,-63.75,-2.25,-40.28,6.28,-135.68,-6.06,-5.15,-38.3,-4.81,-2.68,-8.37,2.0
1.0,2.0,23.02,-23.41,42.62,-40.23,-297.88,77.34,-55.09,-26.76,-3.91,316.14,64.15,-8.51,-20.81,2.0
1.0,1.0,32.91,-66.18,-10.4,15.4,18.26,-56.31,143.21,-9.2,1.06,-102.47,11.95,-5.53,-14.78,1.0
1.0,3.0,-206.08,-75.39,39.04,5.91,-180.75,90.84,202.92,102.17,3.37,418.02,-11.28,-1.44,-130.99,2.0
2.0,3.0,-81.12,-62.73,-50.88,29.76,63.54,155.45,-3.2,91.15,-2.51,144.69,-61.81,7.45,13.06,1.0
2.0,3.0,-83.77,-38.19,-35.29,30.14,-78.66,62.1,-104.33,71.82,1.41,212.16,-32.17,7.35,-121.8,1.0
2.0,1.0,30.61,-113.68,116.72,66.42,-136.16,-115.02,-246.32,-152.87,2.03,32.1,11.2,9.98,64.02,0.0
1.0,3.0,11.23,45.76,-35.37,-37.06,-78.39,26.44,-134.77,85.6,0.24,140.57,-29.87,-9.54,-109.48,0.0
1.0,1.0,-169.03,10.88,68.03,70.0,-54.98,-55.08,101.05,19.05,-2.04,188.99,25.63,-19.02,-183.28,0.0
1.0,3.0,47.93,34.0,120.21,-35.57,-98.86,90.79,-24.33,26.85,-0.75,288.71,-42.49,1.96,104.1,2.0
2.0,1.0,-53.13,37.93,-18.41,32.14,62.87,-22.03,-58.16,42.81,3.64,-59.25,4.82,8.31,-44.89,1.0
1.0,2.0,145.84,-111.97,24.15,23.09,-114.38,-79.06,4.48,-145.07,-0.9,84.44,21.06,8.3,-149.6,0.0
2.0,2.0,-43.54,-20.65,-10.46,36.98,151.47,58.91,39.2,50.15,3.33,-67.46,-25.76,10.95,76.48,1.0
2.0,2.0,67.26,12.08,-36.02,-45.64,-19.68,71.1,-2.49,-8.89,-0.5,99.36,68.84,5.93,-132.14,0.0
1.0,2.0,-23.16,9.39,20.78,-1.22,-140.11,36.81,-132.21,367.65,-3.03,199.15,-46.35,-4.13,-13.3,0.0
2.0,2.0,-7.54,16.17,-28.46,39.09,85.13,-5.31,64.82,-29.83,2.65,-80.45,5.24,7.26,-27.2,1.0
1.0,2.0,-48.51,-105.02,-12.78,-1.79,175.99,66.86,43.32,341.8,-0.73,-52.74,-26.55,14.0,30.11,0.0
1.0,2.0,23.18,88.14,77.09,-16.24,-233.9,25.24,123.3,77.52,1.71,231.67,-34.19,3.58,97.84,0.0
3.0,2.0,15.45,103.01,-6.89,29.71,67.42,11.35,-56.67,111.68,3.03,-50.23,-2.95,-12.3,10.71,1.0
1.0,2.0,-7.74,-1.7,-60.46,-0.83,-75.65,49.47,-96.96,101.82,-2.79,49.03,-15.49,-1.72,-5.33,2.0
2.0,2.0,311.97,-75.35,-81.22,8.07,102.62,-62.05,-96.19,4.29,-1.72,-326.51,-27.81,5.87,71.23,0.0
0.0,2.0,-4.5,8.03,-3.45,-6.84,-6.48,-35.94,53.63,68.87,0.84,-73.96,-88.16,-10.59,121.08,0.0
1.0,3.0,168.41,-29.95,-28.71,-23.2,6.83,20.34,53.31,15.6,-0.48,-23.05,-13.0,8.37,-4.34,1.0
1.0,2.0,19.73,17.74,-49.82,-30.06,31.14,30.66,-4.92,123.59,0.77,-8.61,-6.73,9.24,-50.55,2.0
1.0,2.0,-50.97,47.42,-9.4,11.32,-44.05,-2.44,-101.35,-37.22,3.29,35.86,13.34,-7.46,-33.18,1.0
2.0,0.0,-197.51,48.67,-84.37,4.47,-54.48,-39.28,-154.14,39.46,-0.14,-190.13,80.68,0.79,31.8,1.0
1.0,2.0,-31.39,23.79,-84.19,-30.23,34.61,87.17,-186.51,9.11,0.31,25.53,49.87,3.2,-100.49,0.0
2.0,3.0,-47.66,43.7,-61.55,10.01,66.8,111.87,-12.19,17.51,-0.65,158.97,-59.43,0.82,-107.96,2.0
1.0,3.0,12.2,5.74,-1.99,-12.85,-136.68,58.12,-58.0,10.83,2.43,200.91,-7.81,5.35,-44.06,2.0
2.0,2.0,-27.76,-25.39,-66.38,-8.84,76.51,-14.5,-105.25,-35.32,-1.82,-45.09,42.63,-0.92,-183.03,0.0
1.0,2.0,-2.83,-19.41,35.89,-8.0,-183.26,81.4,23.32,-157.71,1.1,240.92,11.56,9.72,42.22,2.0
1.0,2.0,16.56,15.27,-74.73,-27.6,-17.64,-37.88,-39.99,-145.23,-1.8,-64.95,-29.78,-3.25,-58.06,0.0
1.0,1.0,-109.26,10.89,-12.2,-5.34,-91.91,-39.07,42.97,-89.34,-3.52,-42.49,45.2,4.66,22.23,1.0
2.0,2.0,185.73,-12.81,-57.87,-43.74,-141.39,9.98,28.55,-194.12,0.22,-32.88,25.99,0.96,37.18,1.0
2.0,2.0,-95.8,40.08,15.67,-14.12,-63.46,63.77,5.48,57.92,0.7,137.39,-18.67,-12.48,44.08,0.0
1.0,3.0,178.96,-14.45,-67.51,3.68,126.4,-61.04,-113.57,368.38,-3.41,-136.06,-59.18,4.33,-143.93,0.0
1.0,2.0,-19.04,81.35,35.06,-8.91,-25.5,-26.74,27.79,-73.92,-0.97,132.92,32.62,-2.84,-167.35,0.0
2.0,1.0,-3.72,-35.75,-68.3,55.26,211.47,-38.17,-63.72,25.55,2.85,-299.89,-3.64,-5.48,33.55,1.0
1.0,2.0,7.61,-13.73,-8.72,23.6,-116.71,38.71,-60.43,188.22,2.8,152.53,-18.63,-7.83,-41.82,1.0
1.0,2.0,-2.42,30.79,44.74,-47.09,22.25,2.29,73.23,9.51,3.38,35.71,-0.04,-10.44,14.51,1.0
2.0,3.0,222.14,31.64,9.38,-4.83,-71.73,24.5,56.85,-176.59,-1.52,108.84,-22.64,-14.08,-26.32,1.0
1.0,2.0,38.31,48.57,-61.93,-34.66,57.17,-0.03,207.45,49.11,-0.12,-95.92,5.4,14.07,-43.51,2.0
2.0,1.0,22.46,-1.87,-32.82,20.1,-55.9,47.13,-29.74,34.16,2.28,8.7,53.06,18.46,3.33,2.0
1.0,2.0,-22.79,-0.64,28.95,-0.56,-92.18,3.68,61.53,17.79,3.89,172.76,-9.0,13.91,-81.6,1.0
1.0,2.0,-169.54,-60.14,12.03,-19.12,176.91,53.41,43.75,119.53,2.42,-16.86,-33.32,7.02,41.09,1.0
1.0,2.0,-24.88,-30.44,48.25,13.36,-89.74,12.7,135.68,22.55,-2.88,112.19,-2.36,5.19,39.15,0.0
2.0,2.0,83.99,110.3,-26.87,45.76,146.97,-59.36,-59.69,-47.95,2.57,-133.17,-6.62,13.2,-105.58,0.0
1.0,3.0,69.26,-18.26,-42.21,-54.89,-132.73,77.19,12.92,-81.98,-0.42,152.57,22.24,-9.29,-53.54,0.0
2.0,1.0,-9.9,14.0,31.15,-26.02,34.45,36.82,23.41,34.86,-0.12,-7.5,7.4,-15.58,91.29,1.0
3.0,2.0,-57.01,16.41,33.93,-52.75,-50.55,18.84,64.68,35.83,1.99,81.98,-14.43,-5.14,48.73,0.0
2.0,2.0,36.86,12.98,11.0,-36.92,-56.07,32.12,-118.8,-3.23,0.09,65.03,-10.36,-2.77,42.52,1.0
2.0,2.0,42.8,7.3,69.62,-11.5,-109.04,-36.26,-67.34,57.74,-1.5,78.51,-1.24,-7.44,35.84,0.0
2.0,1.0,10.77,-20.62,28.94,1.39,-34.71,-81.4,19.75,156.67,0.76,-55.88,24.08,14.45,-26.5,2.0
1.0,2.0,-34.24,-18.04,-30.17,3.13,2.65,46.28,-11.41,-63.5,-5.13,11.73,-30.3,5.85,52.91,2.0
1.0,1.0,-49.12,-31.57,19.66,-85.4,81.05,-43.44,110.35,211.71,0.51,-135.24,19.84,16.8,41.67,2.0
1.0,2.0,20.81,29.42,4.24,-70.17,87.17,16.6,8.48,193.57,0.37,-67.34,-6.57,-7.47,42.81,0.0
2.0,2.0,39.06,9.71,84.91,-4.32,135.24,43.25,18.37,26.82,-1.48,-35.44,3.45,-1.27,142.09,2.0
1.0,1.0,-53.04,32.78,11.27,-29.08,-61.73,-26.55,-38.03,-32.25,1.79,-11.11,21.39,11.58,28.92,1.0
2.0,2.0,10.69,-10.55,-88.93,-28.79,41.58,16.79,5.37,0.97,3.45,-76.08,-3.05,-7.06,-56.91,2.0
2.0,3.0,-155.97,-4.75,-1.76,23.45,105.37,140.5,-129.25,114.69,3.12,167.7,-66.49,-2.67,20.54,1.0
1.0,1.0,-46.38,-49.69,4.01,-11.3,48.56,-4.67,92.28,44.99,-0.68,-70.74,3.9,-1.8,51.76,2.0
2.0,3.0,34.36,24.75,-12.61,3.12,6.49,38.72,155.75,-4.7,2.07,86.8,-6.73,2.14,-72.3,1.0
2.0,2.0,-129.87,-11.07,-7.36,-30.74,-186.28,-20.66,82.8,91.62,-1.06,150.39,-44.59,5.21,-26.82,2.0
0.0,2.0,-9.83,25.18,-37.08,-26.61,192.74,51.94,-119.15,50.49,2.27,-155.53,-48.13,-2.13,116.95,1.0
2.0,2.0,47.95,16.84,-10.49,-8.8,70.14,-19.95,43.22,68.1,0.28,-57.85,-7.26,2.33,-41.63,0.0
1.0,2.0,71.75,-69.04,9.8,29.4,-51.18,-22.48,53.66,-141.2,-0.48,-54.32,11.05,6.9,78.23,1.0
1.0,3.0,-62.77,20.58,-50.39,26.74,-71.33,130.69,84.04,-63.09,-0.44,195.49,-32.66,3.66,-5.2,2.0
2.0,2.0,-140.15,-7.36,-6.83,-33.38,113.3,-107.41,-33.1,-70.71,0.2,-59.31,-42.12,0.95,-150.18,0.0
2.0,2.0,61.11,-19.3,-94.28,-0.94,-128.97,0.91,102.31,-137.14,-2.95,-42.09,-20.65,10.28,25.14,0.0
2.0,2.0,-176.2,-2.83,36.56,76.68,-165.48,3.89,-41.99,227.57,-3.71,335.92,-3.53,11.57,-214.19,2.0
1.0,2.0,-53.99,-27.02,23.08,-44.16,1.67,33.4,17.76,86.97,2.78,92.78,-0.97,-4.87,-20.72,0.0
1.0,1.0,-102.02,-19.6,-16.26,-23.14,-226.23,-4.33,79.68,54.75,1.38,142.98,27.05,-7.51,-44.96,2.0
1.0,1.0,22.13,37.62,-59.02,-6.24,-65.46,14.92,-125.77,-57.94,1.5,-102.51,41.61,-2.31,74.17,1.0
1.0,2.0,-21.24,58.75,25.84,-15.27,-52.44,7.47,-70.98,-79.84,-1.12,53.19,3.1,-12.56,37.42,1.0
2.0,3.0,124.45,-55.88,96.32,-14.56,-142.68,-35.14,-163.24,-81.82,0.11,205.82,-16.75,-16.02,-45.51,0.0
1.0,2.0,7.86,-12.6,76.91,3.53,-37.43,-59.32,23.6,-21.62,-2.33,114.01,-32.08,-2.0,-58.95,0.0
2.0,2.0,10.1,-8.62,47.97,-30.36,134.42,46.46,160.52,-96.41,-1.13,-23.23,-15.81,11.21,100.66,2.0
1.0,3.0,-36.35,21.41,-39.15,0.33,-94.19,30.59,81.78,60.95,-0.17,181.45,3.76,10.59,-174.38,1.0
1.0,2.0,-55.23,-19.53,116.5,-11.72,-189.14,39.26,15.08,35.27,-1.83,358.01,-7.98,7.15,-26.77,1.0
3.0,2.0,-17.75,36.9,31.88,56.76,-84.04,-1.18,-172.99,360.27,0.19,125.19,-42.02,9.37,-16.58,2.0
1.0,1.0,-34.05,58.2,15.42,-20.64,-30.82,-3.87,-25.9,144.23,0.49,60.56,32.11,-9.74,-70.09,2.0
0.0,2.0,130.8,-18.4,-38.97,18.06,69.24,-56.64,-26.48,98.64,-0.84,-80.99,-27.43,-1.49,-119.27,0.0
1.0,2.0,70.94,-46.33,16.41,10.9,-104.34,9.95,-0.17,-189.15,1.85,68.88,-3.24,11.58,47.09,2.0
2.0,3.0,295.12,69.58,-24.28,-4.61,-127.89,12.81,-60.24,-239.05,0.73,42.35,-9.09,-0.49,9.12,1.0
2.0,1.0,-80.85,-44.26,-58.13,-23.37,-10.55,-1.21,-159.97,-7.7,-1.95,-133.52,30.0,-3.35,67.09,1.0
0.0,2.0,-2.41,-7.92,55.83,-47.83,-64.08,36.43,126.41,57.84,-1.49,151.89,-21.58,7.84,33.46,2.0
0.0,,-54.11,-15.7,45.59,1.17,-23.78,17.39,-215.82,42.34,-3.29,57.01,-24.86,0.48,86.18,2.0
2.0,2.0,157.77,0.41,30.68,-20.93,11.33,-3.74,-16.64,41.44,-0.27,-93.54,-18.24,3.32,150.5,1.0
1.0,3.0,168.98,-22.19,-1.96,2.69,-95.6,20.24,51.28,-140.94,1.48,41.17,-11.12,7.64,51.78,1.0
2.0,2.0,-69.76,-36.1,9.7,-8.79,-70.32,0.86,188.99,36.34,-1.52,89.83,-22.62,-12.09,-7.82,2.0
1.0,2.0,19.84,18.97,-33.26,-6.87,-42.73,24.51,90.43,73.5,-6.58,74.88,-32.72,-2.3,-50.57,0.0
2.0,2.0,8.05,-23.16,-11.88,5.76,-173.52,32.01,39.7,45.0,2.91,169.56,-38.59,1.56,-3.91,0.0
2.0,2.0,-83.41,10.34,41.65,-25.36,-133.65,29.69,-80.69,113.19,1.04,193.6,22.87,2.29,-33.89,2.0
3.0,2.0,118.69,-40.58,-37.75,31.88,-152.05,-11.44,-252.33,-179.82,-2.82,-39.03,36.67,-0.21,50.52,1.0
1.0,2.0,35.12,-57.48,-37.95,-58.86,75.79,30.53,197.71,135.58,3.87,-32.39,-27.9,-3.62,-18.73,0.0
1.0,2.0,48.93,11.03,-39.31,-4.66,11.19,70.22,77.2,-19.35,0.93,-12.05,11.9,-4.59,44.01,1.0
1.0,1.0,-54.34,100.83,115.68,22.61,-147.97,18.16,138.37,-62.68,-0.11,197.59,22.28,20.78,86.49,2.0
2.0,3.0,-5.37,-32.48,-79.65,-3.67,148.21,119.27,44.31,84.86,0.26,-33.05,-59.78,-16.68,48.01,1.0
1.0,2.0,-48.35,35.0,-19.66,-1.85,-52.46,9.94,-18.15,-27.05,-1.91,90.44,7.22,-7.07,-88.86,1.0
1.0,2.0,-110.03,-16.24,18.99,55.38,-220.19,131.71,35.39,-10.11,-4.58,321.88,9.87,11.81,37.46,2.0
1.0,2.0,4.72,85.55,-5.84,-63.37,-80.06,-14.71,103.14,12.73,-0.04,103.53,8.89,-10.39,-115.37,1.0
2.0,2.0,-70.97,36.93,-10.01,-45.32,-48.37,-4.51,-5.63,167.92,-4.33,25.17,-35.11,9.52,20.75,2.0
1.0,2.0,-52.38,-37.42,-40.96,-41.94,76.44,70.36,23.81,97.2,0.28,-42.86,17.53,-12.09,30.34,0.0
2.0,2.0,62.62,29.47,-85.31,-36.34,67.56,-15.2,-130.1,-104.64,-1.32,-115.15,-11.61,1.86,-71.48,2.0
2.0,1.0,-57.31,9.33,-19.71,17.42,-80.25,38.29,102.55,-23.98,3.76,39.23,37.1,-17.84,23.84,2.0
1.0,2.0,55.23,11.86,-17.86,30.51,125.17,64.5,66.53,4.09,-1.27,-64.89,8.97,4.84,43.5,2.0
1.0,2.0,15.62,-16.08,-28.76,-49.58,172.22,0.2,4.23,220.0,-0.09,-154.6,-20.76,-1.43,13.38,2.0
0.0,1.0,81.1,15.02,-42.69,-33.63,-58.42,-25.67,22.05,-54.42,1.07,-115.03,33.04,6.25,39.57,1.0
1.0,2.0,152.94,53.25,-54.72,38.79,-142.41,41.51,-13.73,-208.19,3.59,20.95,27.65,-3.6,32.61,1.0
1.0,2.0,-57.9,-3.27,36.93,27.45,-295.77,53.58,-22.78,55.32,3.12,333.74,-22.14,25.91,-0.79,0.0
0.0,2.0,115.38,66.7,-24.43,28.77,-181.08,-12.49,50.14,-6.06,-0.17,124.59,15.74,9.29,-108.91,1.0
1.0,2.0,-41.42,-42.81,-54.06,26.36,48.45,46.1,-8.33,113.15,1.98,-49.38,15.69,7.12,-3.46,1.0
1.0,2.0,205.31,52.74,-93.38,-12.08,-85.77,0.38,0.78,-185.23,5.45,-145.68,24.07,8.19,59.0,1.0
2.0,2.0,-24.31,-42.78,25.33,10.76,-227.4,21.18,22.97,20.41,2.81,228.93,-27.08,-4.73,3.58,0.0
1.0,1.0,-59.86,-9.96,-68.76,33.02,-16.44,5.7,7.32,-14.74,-2.04,-51.67,22.23,2.51,-37.59,1.0
2.0,1.0,-0.9,-57.03,-2.2,11.67,115.66,-17.13,-51.46,22.5,0.46,-140.25,-7.87,-4.79,59.33,1.0
2.0,3.0,47.35,-38.13,13.88,31.91,45.11,85.27,-5.99,-7.27,0.14,79.69,-34.72,-4.12,58.88,2.0
2.0,2.0,14.28,58.81,-2.53,-18.6,-58.26,8.54,-88.21,-20.54,-4.22,41.11,-27.94,-3.08,33.87,0.0
2.0,1.0,39.13,11.39,72.12,23.95,182.55,-75.87,10.14,-164.91,2.09,-175.46,48.63,-1.35,18.97,0.0
2.0,2.0,156.08,78.52,-2.67,69.61,-112.34,-93.12,-81.75,-41.64,2.0,26.17,-22.39,8.05,-108.51,0.0
1.0,1.0,111.82,12.19,-11.08,5.99,144.49,-27.72,37.11,115.07,-0.02,-200.94,38.84,-5.77,8.71,2.0
2.0,3.0,158.27,-19.04,-34.29,99.89,100.96,8.77,-82.38,-20.42,-1.37,-57.02,-3.65,3.71,-76.05,0.0
1.0,2.0,-28.82,0.45,-14.72,4.59,74.48,-26.54,-65.67,5.99,3.14,-58.74,6.58,-9.27,-60.85,1.0
2.0,2.0,-41.58,-28.7,25.98,-2.61,55.96,59.99,154.82,-27.81,-3.63,61.37,-17.91,-3.02,48.65,2.0
2.0,2.0,37.89,-12.26,-88.08,-21.86,-33.35,-2.38,74.3,-58.79,-2.91,-20.74,5.64,-1.46,-108.33,1.0
1.0,2.0,52.57,-43.28,22.77,-39.6,19.79,-4.74,-173.38,60.91,-1.6,0.96,-45.15,-4.44,46.45,0.0
1.0,3.0,181.55,18.64,70.07,-37.98,-171.59,29.72,-57.38,42.84,-0.29,168.21,-12.32,13.21,77.55,0.0
1.0,2.0,109.45,-34.96,26.85,-25.21,-106.97,-70.59,114.05,-20.86,-1.61,57.48,-6.92,23.99,-73.19,0.0
0.0,2.0,71.18,-68.07,24.87,-9.0,-200.51,89.05,-239.25,9.88,1.62,270.16,61.56,-16.57,-60.87,2.0
1.0,1.0,12.42,11.37,11.36,13.7,-45.47,34.27,-108.4,100.28,-3.18,26.08,36.61,19.73,39.19,2.0
2.0,2.0,-115.95,19.23,-8.42,-3.85,-142.9,47.05,-81.42,-109.38,-1.98,144.07,-31.79,-2.77,59.21,2.0
1.0,2.0,-70.52,53.05,-5.14,-12.07,38.63,28.9,59.95,11.74,-3.48,17.98,8.97,1.15,-12.81,1.0
2.0,2.0,-103.92,-42.48,12.37,19.37,76.06,,4.63,70.05,-4.02,87.04,-35.93,-1.85,8.03,1.0
2.0,3.0,217.3,41.49,-13.57,-11.18,-98.1,17.29,-30.53,-72.42,-0.2,49.0,-8.59,-3.73,3.55,1.0
2.0,2.0,-81.3,-30.23,10.37,11.03,27.81,-38.1,-110.62,71.46,-2.09,56.86,-51.53,13.03,-86.93,2.0
1.0,2.0,-83.15,-30.38,13.53,19.46,-84.59,28.88,-88.93,202.98,1.68,218.31,14.94,0.87,-156.04,2.0
1.0,2.0,-41.52,-36.92,-9.29,17.75,-44.35,33.0,27.04,-120.55,-1.6,143.87,-7.43,-3.26,-88.4,1.0
2.0,2.0,-101.91,8.14,-31.18,-14.27,-104.98,74.39,178.35,201.75,-2.08,276.83,21.9,12.18,-216.36,2.0
2.0,3.0,49.18,-57.72,-24.37,-11.74,-7.87,37.8,-74.21,-12.65,-0.36,105.79,-18.73,7.97,-96.72,1.0
1.0,1.0,-3.7,-63.0,-21.74,119.45,263.79,-13.88,10.71,20.78,-1.2,-287.08,-3.42,-10.4,94.93,1.0
1.0,3.0,155.95,-22.63,6.84,61.31,-43.56,-1.15,-161.28,-37.11,-1.12,31.37,-27.53,1.2,10.05,0.0
1.0,2.0,-103.38,-29.06,47.13,-48.81,2.05,88.01,-30.2,56.97,1.18,224.17,-19.65,-6.74,-27.85,1.0
2.0,2.0,-6.79,-12.28,76.71,38.96,-25.93,96.54,-27.2,-208.58,3.59,122.36,-30.87,-7.52,208.71,2.0
1.0,2.0,126.69,-2.92,55.02,49.09,-205.34,-102.35,-37.29,-94.84,0.14,110.37,-2.16,-14.66,-69.95,2.0
1.0,2.0,-2.97,22.75,-19.86,-87.93,116.9,47.67,-5.16,102.16,-5.4,-119.41,-31.92,4.42,135.41,1.0
1.0,2.0,70.03,26.58,-2.82,-5.75,-66.81,34.58,7.04,-102.65,-1.06,74.25,-9.84,1.48,20.0,1.0
1.0,2.0,-45.05,39.96,67.57,54.88,-170.85,33.33,11.13,-50.73,-0.2,226.39,2.1,4.48,30.43,2.0
1.0,2.0,-22.73,98.28,33.95,-64.82,-105.96,28.04,-162.76,-9.92,-2.24,159.84,2.62,9.66,-11.06,2.0
1.0,2.0,-25.81,21.09,-44.56,49.55,164.67,92.91,112.73,99.35,-0.78,-82.73,-34.74,-2.75,90.27,1.0
1.0,1.0,189.88,-5.92,18.01,-14.27,157.87,-144.87,64.26,-7.52,2.73,-294.3,-14.35,3.99,12.27,0.0
1.0,2.0,-7.93,-20.66,9.73,1.65,110.33,29.27,-10.59,-31.35,0.93,9.54,-36.94,2.02,2.3,2.0
2.0,2.0,-122.66,-17.57,21.97,-73.52,32.29,58.55,13.83,4.63,-0.52,79.79,-1.28,7.86,29.62,1.0
2.0,1.0,27.23,-33.53,7.45,-24.62,59.62,-87.7,-2.87,-48.53,1.87,-131.29,19.09,4.11,-41.03,1.0
1.0,2.0,-36.03,-33.99,-24.6,35.43,34.01,-45.12,-29.85,-61.08,1.25,-6.01,23.79,-7.86,-158.44,0.0
1.0,2.0,-11.55,-48.58,-12.41,30.73,172.04,-7.5,7.23,136.73,2.31,-98.59,-0.14,0.42,-57.9,0.0
2.0,2.0,-4.31,4.81,-76.67,12.85,-36.14,75.19,-99.33,-2.75,4.6,13.91,12.58,1.11,1.92,0.0
2.0,2.0,43.26,-45.42,-1.61,6.45,-109.17,-4.3,-61.56,-161.24,0.09,144.62,51.67,-1.49,-159.0,0.0
1.0,2.0,117.24,-11.43,-36.07,-17.17,7.13,-73.13,-21.89,-107.78,3.38,-110.99,-13.69,-1.51,-49.78,0.0
2.0,2.0,-18.19,-0.32,41.23,35.27,-61.97,53.52,50.04,-6.49,7.25,82.42,10.35,7.61,102.69,2.0
2.0,2.0,-134.05,88.39,41.81,-57.52,-159.24,38.78,180.0,105.1,3.91,315.03,-43.38,-25.58,-79.67,2.0
1.0,1.0,-45.76,77.34,-17.24,4.29,-127.37,27.4,69.29,-28.48,-4.3,59.53,11.46,3.09,46.98,2.0
1.0,2.0,93.7,43.82,-42.1,9.5,41.99,51.08,163.38,6.22,0.49,-79.95,0.58,6.77,71.49,1.0
2.0,2.0,95.45,-5.17,-33.19,25.91,-58.4,1.66,-25.66,-109.65,-2.56,-44.84,21.43,-12.13,24.13,1.0
2.0,2.0,-11.36,-56.87,-25.16,23.74,159.13,0.86,-23.39,61.58,3.21,-72.86,-25.21,-7.31,-57.87,2.0
1.0,2.0,93.26,-64.38,14.97,-4.38,-5.91,19.14,57.35,-48.4,-1.8,7.79,-6.69,-8.32,48.71,1.0
1.0,3.0,107.29,51.58,-28.51,14.33,7.7,89.07,-47.42,-17.59,0.13,45.92,-18.36,-4.18,43.38,1.0
1.0,1.0,-0.08,-20.58,-49.73,62.33,12.63,-37.39,-23.02,9.67,-0.3,-157.53,9.52,-3.75,35.81,1.0
3.0,2.0,183.5,12.44,-17.5,-0.89,5.42,-89.54,-51.06,-156.65,0.25,-97.64,-23.27,,-61.43,0.0
1.0,2.0,134.3,35.55,21.79,13.64,-83.39,35.91,-30.59,-128.61,1.02,37.86,-16.08,-3.02,124.52,1.0
1.0,1.0,92.84,11.17,86.64,-67.69,101.1,-126.49,-25.71,-175.49,-5.27,-168.08,37.68,-11.34,17.28,0.0
2.0,2.0,10.64,-16.53,26.17,-38.55,-76.07,56.42,11.77,-83.25,1.81,146.32,-7.17,5.08,27.03,1.0
2.0,3.0,-20.96,-26.22,-30.29,-37.67,-13.3,25.78,-80.43,59.18,3.76,80.41,-40.72,-3.18,-59.95,2.0
2.0,2.0,-11.15,-34.58,-24.85,3.57,-112.68,15.91,-69.22,-98.67,-2.75,87.35,26.09,9.39,-52.62,1.0
2.0,3.0,68.12,7.54,-22.06,-11.41,-101.49,-7.73,-85.03,46.35,0.57,143.26,-14.93,34.4,-153.36,0.0
2.0,2.0,18.4,71.04,6.24,-26.1,-188.06,1.07,-80.24,-17.16,-0.74,153.22,-33.18,3.34,3.04,0.0
1.0,2.0,153.99,-3.77,-85.98,-41.68,122.28,-93.87,10.46,-192.79,0.16,-240.61,-37.53,1.94,-76.14,0.0
1.0,2.0,134.64,19.12,-58.07,-31.35,217.87,-35.57,107.77,181.6,-2.46,-163.78,-15.01,8.62,-151.09,0.0
2.0,2.0,-4.8,81.99,-46.85,-50.78,-95.44,9.42,42.6,-158.34,4.0,-4.47,30.66,-22.01,2.84,1.0
1.0,1.0,-190.04,12.39,84.96,-3.89,-4.62,-50.05,106.44,11.25,-1.61,138.9,6.74,-14.8,-98.66,1.0
2.0,2.0,-80.17,21.11,-49.1,-12.18,112.41,-38.71,55.55,1.29,-0.43,-94.29,-10.92,18.76,-100.29,0.0
1.0,1.0,-6.83,7.3,37.15,34.56,-6.44,18.48,80.0,123.44,-0.79,20.33,16.51,-8.62,52.14,2.0
2.0,2.0,-39.98,-56.34,-30.8,-32.37,-98.18,22.44,75.0,47.06,1.42,62.2,1.45,-13.51,-9.01,2.0
1.0,2.0,51.58,-6.15,9.35,-17.55,-0.27,-6.32,25.45,55.71,2.34,18.07,-5.66,-8.9,-24.99,0.0
1.0,2.0,97.57,84.24,16.87,-13.93,184.42,30.3,-33.29,-22.22,3.67,-163.67,-1.21,-3.89,127.76,2.0
3.0,2.0,69.34,55.43,-44.97,-16.44,100.29,38.25,-68.38,-13.51,1.41,-111.81,-1.2,13.75,43.02,2.0
1.0,1.0,-91.04,35.7,-94.44,37.82,-163.72,7.25,-4.58,-33.17,-3.43,33.52,27.05,-7.04,-64.17,2.0
2.0,1.0,51.39,33.01,-27.01,23.86,60.5,-99.26,33.79,9.17,4.66,-222.98,18.33,7.09,-6.76,1.0
2.0,2.0,10.68,-53.61,-11.58,1.06,36.39,84.26,-83.08,79.57,-8.52,93.33,1.05,9.58,-33.19,2.0
2.0,2.0,-49.67,41.18,48.23,70.4,22.55,0.83,-86.62,-2.31,-0.13,44.66,-17.3,4.72,32.1,2.0
2.0,1.0,-64.91,18.92,-8.24,0.64,28.34,42.98,39.93,51.42,-2.32,-12.35,15.06,16.83,46.36,1.0
1.0,1.0,-29.88,60.25,-61.77,-3.83,153.94,-4.61,120.32,78.92,2.37,-197.7,2.66,-6.68,12.9,1.0
1.0,2.0,-83.17,-4.83,-18.19,-66.24,-108.98,-48.4,11.4,-102.41,-7.46,44.09,-18.22,10.89,-43.31,0.0
1.0,1.0,-3.73,-41.65,78.5,33.36,-5.26,-12.13,147.55,53.48,2.97,-6.99,25.33,10.45,98.92,2.0
1.0,2.0,-18.41,-69.1,-78.05,-20.31,25.79,15.85,100.58,-17.82,2.14,-69.94,12.41,-5.78,-44.3,2.0
2.0,2.0,-70.4,7.55,45.06,3.02,-241.09,49.27,-65.02,256.38,-0.47,250.22,-52.19,-0.16,90.22,0.0
2.0,2.0,-91.07,-41.02,43.97,49.73,-250.94,-5.48,92.64,124.61,-4.18,231.08,-8.47,-2.53,-8.45,2.0
2.0,2.0,75.25,44.51,78.7,-13.46,-127.41,75.94,12.57,74.12,-2.36,191.6,48.34,-3.81,59.01,2.0
2.0,2.0,-52.77,-62.42,13.02,40.85,-178.22,20.93,-51.57,112.62,-2.66,171.79,-52.26,-10.06,40.51,0.0
2.0,2.0,-40.05,-0.31,51.0,12.18,-81.87,30.46,-42.93,-129.12,1.53,127.02,11.36,-8.03,46.51,2.0
3.0,2.0,43.97,-19.96,-87.93,27.28,-35.23,7.36,29.88,-31.8,-2.75,-84.36,23.88,-1.52,-26.13,1.0
1.0,1.0,19.86,18.32,-47.78,-8.16,85.89,-90.51,-5.16,175.81,-3.94,-166.85,37.71,13.84,-147.92,2.0
1.0,2.0,56.11,61.32,-47.1,-0.44,89.58,20.49,-50.4,-11.42,-3.08,-130.38,9.97,-5.45,,2.0
1.0,2.0,-86.07,10.26,-60.94,16.62,104.91,40.59,-36.52,73.38,-3.3,-48.03,-28.53,-7.06,-20.19,1.0
2.0,1.0,-44.46,46.57,-47.71,23.82,113.56,-8.88,143.77,30.98,-0.18,-123.99,-5.29,-19.37,-20.05,1.0
2.0,2.0,19.87,-17.62,4.42,3.06,11.39,-10.97,-61.94,45.61,1.62,10.26,-14.28,1.97,-26.64,0.0
2.0,2.0,-28.63,-54.46,13.5,-21.71,-163.19,93.44,-64.7,6.43,-2.99,250.27,37.38,-8.96,-36.7,0.0
2.0,0.0,-149.17,-18.47,-104.83,-33.54,-70.8,0.7,-84.51,-35.25,2.73,-124.91,79.72,-1.58,-7.59,1.0
1.0,1.0,-30.75,3.08,10.97,-37.11,7.62,-32.14,56.63,102.16,1.87,-16.22,21.59,-7.99,-46.31,2.0
1.0,2.0,88.47,-32.14,42.82,51.47,-23.28,0.18,75.59,76.87,-2.52,83.83,16.31,20.98,-53.24,0.0
1.0,2.0,99.16,30.3,-13.05,14.8,-47.73,-61.63,65.26,-244.75,-1.43,47.05,16.31,-0.23,-171.78,0.0
2.0,1.0,-135.64,-13.61,67.13,82.5,-250.83,-4.49,-19.47,240.53,-5.28,272.23,85.91,-1.99,-117.89,2.0
2.0,2.0,-94.11,80.55,-1.58,5.77,-65.57,102.77,-44.72,140.64,-2.78,162.55,-25.17,0.95,53.39,0.0
2.0,2.0,-9.92,-15.9,-40.86,-22.08,40.0,14.15,49.6,94.77,-2.34,-26.51,-20.16,9.21,-27.84,2.0
1.0,3.0,47.37,-13.83,62.82,50.13,-313.31,-0.52,-131.39,4.9,-3.76,352.81,8.69,-6.64,-108.58,1.0
1.0,2.0,24.03,-6.89,31.34,-35.4,-168.62,-40.83,115.11,-164.47,1.15,131.86,-5.5,-9.73,-36.93,0.0
2.0,2.0,-96.22,-49.65,-9.3,13.29,-19.37,100.91,33.84,222.57,-1.67,150.46,-26.76,-13.07,10.18,0.0
2.0,1.0,-42.46,-14.53,30.08,2.41,14.91,-25.62,96.6,122.24,3.04,-8.33,20.9,-0.41,-17.12,2.0
2.0,2.0,-17.5,-18.23,-64.72,3.61,-33.68,12.59,49.06,103.65,0.46,28.67,14.71,11.99,-116.64,2.0
1.0,3.0,-86.55,-2.37,-60.16,-15.26,-76.63,124.28,-75.65,-12.85,-1.73,244.68,-45.4,-2.58,-80.07,2.0
2.0,1.0,30.06,-6.75,-71.88,7.46,-90.88,-38.07,39.17,-71.01,1.58,-117.01,-15.13,1.32,56.77,0.0
1.0,2.0,-73.23,-41.31,-42.29,-21.92,-42.95,-6.48,-53.45,42.15,0.7,-6.07,-10.66,9.18,-18.75,2.0
2.0,2.0,76.35,32.82,-104.19,16.55,-40.83,-40.37,0.51,-149.52,-1.1,-114.43,-12.41,-3.83,-55.23,0.0
2.0,1.0,-133.69,46.67,13.48,-48.47,177.51,-10.45,97.04,62.5,-2.25,-95.77,-0.71,-4.9,-1.56,0.0
1.0,2.0,-40.22,-58.73,32.34,63.83,-9.24,-35.2,-67.72,2.65,1.63,52.72,16.22,-17.73,-78.85,1.0
1.0,1.0,-121.92,-0.98,35.88,22.04,17.61,-68.45,9.73,104.86,2.15,-20.39,-20.52,4.23,-12.62,2.0
2.0,2.0,-2.0,-39.47,-17.43,33.88,-219.97,8.29,-70.58,325.67,3.65,176.86,24.99,-3.93,-105.75,2.0
1.0,3.0,-88.47,-1.03,-69.44,-70.42,-22.45,50.17,139.99,107.5,3.06,129.75,-15.18,9.15,-159.56,1.0
2.0,2.0,-32.9,1.45,1.85,-6.6,-164.77,38.85,-239.1,47.47,2.25,185.92,-33.28,4.69,3.88,0.0
1.0,2.0,77.35,-41.95,-35.21,22.02,-75.83,36.85,-0.1,-179.57,-1.03,71.76,11.76,6.41,-39.48,1.0
2.0,1.0,101.57,70.57,-113.18,9.53,-71.06,-43.39,173.96,-97.53,-6.12,-191.55,34.14,17.34,-2.86,1.0
1.0,1.0,-36.32,-0.35,2.16,13.78,-44.82,-30.15,-7.54,190.62,-3.36,61.68,23.18,-5.65,-122.26,2.0
1.0,2.0,-0.22,-3.22,49.8,-48.29,-220.16,11.59,-16.17,61.79,-3.01,279.05,4.58,-14.2,-83.0,1.0
1.0,3.0,-146.41,1.25,-19.02,9.47,-142.04,59.17,-42.38,19.84,-3.47,259.71,-35.96,-8.39,-90.11,2.0
1.0,3.0,-25.33,36.18,-30.48,37.86,-47.5,31.81,-25.22,-130.68,-0.91,97.34,-48.56,-8.76,-22.45,0.0
0.0,2.0,-58.49,-22.8,73.63,5.45,-65.3,15.53,-39.38,-67.51,2.33,103.53,-3.85,-23.79,90.93,2.0
2.0,2.0,22.36,-30.97,86.99,-11.03,-49.08,68.67,55.89,58.48,2.41,138.51,-8.97,-1.57,132.06,2.0
1.0,2.0,41.49,24.37,96.16,9.77,-84.21,22.68,36.42,-88.39,-0.54,181.31,-40.61,4.69,77.81,1.0
2.0,2.0,42.02,37.02,-67.19,86.53,140.29,2.55,-156.99,-61.08,5.13,-170.88,-26.77,20.36,19.02,2.0
2.0,2.0,22.19,36.06,29.13,-24.83,-68.7,-35.28,60.56,-93.57,3.82,67.87,1.7,1.73,-43.23,0.0
1.0,2.0,-27.51,-12.79,47.25,19.03,-54.7,8.03,-88.47,77.88,-2.26,114.36,2.74,3.82,-11.96,0.0
1.0,2.0,163.26,74.9,10.62,-18.09,44.87,-134.67,47.93,145.46,4.7,-172.55,-45.98,8.45,-19.04,0.0
2.0,1.0,-65.07,39.17,18.41,-0.53,26.75,-32.63,-123.51,106.48,-0.14,-40.76,-3.09,0.69,12.53,1.0
2.0,1.0,21.23,-2.53,-15.52,73.37,75.5,51.14,-292.75,-107.29,-5.98,-143.13,78.7,-6.15,111.12,2.0
2.0,2.0,160.32,-46.57,-22.94,-4.15,73.9,-71.06,-9.29,191.66,4.94,-116.4,-33.55,5.16,-78.49,0.0
1.0,3.0,-56.5,3.8,-21.44,-30.34,-23.45,85.27,-112.48,11.31,-2.49,154.59,-24.83,4.29,-36.36,2.0
1.0,2.0,18.48,55.81,5.56,46.36,11.76,-52.9,119.07,7.68,0.33,7.05,0.76,-5.39,-108.08,0.0
1.0,2.0,127.29,21.53,60.65,34.29,-151.06,-106.44,-65.55,-55.05,-2.05,52.12,-2.67,-12.34,-38.84,0.0
1.0,2.0,237.48,-18.58,-55.35,9.3,-117.02,22.17,-7.28,-108.26,3.86,-94.52,31.5,-4.36,104.54,1.0
2.0,2.0,70.9,-10.96,-57.17,20.62,-76.74,40.89,-112.93,-136.36,0.57,17.45,27.77,-7.68,-15.26,1.0
2.0,2.0,-30.33,-46.95,34.2,10.65,-261.52,40.74,46.96,3.14,3.52,316.73,3.28,3.98,-62.72,0.0
2.0,2.0,8.01,-16.59,18.54,18.8,-27.37,44.77,28.08,73.41,-1.15,91.94,-19.64,5.84,27.33,2.0
1.0,2.0,-78.76,34.01,-75.42,-1.74,-42.43,-12.2,-104.9,54.33,1.59,12.85,-44.88,-7.66,-76.22,2.0
1.0,1.0,-111.42,60.56,27.89,58.08,-21.57,-42.66,-115.58,50.15,-3.63,-56.94,8.12,-5.97,73.69,2.0
2.0,3.0,93.44,-28.75,-85.32,-28.07,-106.76,112.32,27.27,100.24,1.09,160.11,-49.89,-4.25,-38.73,1.0
1.0,2.0,45.76,-0.33,-6.81,45.5,5.79,79.19,108.44,64.29,2.0,40.83,-37.47,6.32,96.58,1.0
2.0,2.0,28.61,-80.87,-79.79,14.05,-160.8,-13.11,-136.18,-264.94,-1.19,58.78,12.24,-5.43,-101.9,0.0
1.0,2.0,25.19,18.52,5.68,-59.34,29.95,12.55,-9.21,262.44,-2.32,61.06,-12.54,-0.53,-81.79,0.0
2.0,0.0,-175.31,-20.1,-44.64,-26.22,-42.58,-7.47,-60.27,-27.12,0.51,-126.24,57.22,3.23,86.08,1.0
1.0,2.0,-127.38,37.27,26.47,-13.37,155.28,22.76,-115.25,-6.59,-2.68,-1.09,-20.66,-9.35,-3.22,1.0
2.0,1.0,86.79,40.17,-83.99,-4.09,-55.9,-1.86,-135.35,-20.42,1.59,-250.57,60.9,2.81,156.74,1.0
1.0,2.0,152.09,-7.48,-63.11,-35.33,-16.65,72.14,-173.9,40.05,4.02,-59.25,-23.9,-6.12,108.95,1.0
1.0,2.0,-53.93,-15.25,5.54,-48.42,-103.8,-76.36,102.53,-160.61,-1.23,57.55,-31.92,-11.19,-61.65,0.0
2.0,2.0,-7.05,28.87,-34.17,36.88,36.19,34.32,-56.62,45.64,1.04,14.61,-3.92,-3.44,-46.01,2.0
1.0,2.0,-109.49,10.66,-12.64,-5.19,49.2,3.81,23.09,96.89,0.76,53.98,-1.12,-1.97,,1.0
2.0,2.0,105.0,-60.94,37.36,22.43,-148.18,-10.5,39.19,-0.28,-0.51,75.91,-51.41,-5.44,107.67,0.0
1.0,1.0,81.64,5.03,-94.25,49.85,28.76,-0.89,94.73,-105.94,0.73,-240.9,24.69,10.92,98.34,2.0
2.0,1.0,-2.2,71.3,-123.61,46.87,-53.54,-7.15,-78.01,-60.28,0.7,-98.46,45.01,-4.82,-91.17,1.0
2.0,3.0,-80.37,-32.77,30.19,33.74,-202.01,68.7,-18.57,-231.24,0.48,316.45,-63.89,8.98,20.55,2.0
2.0,2.0,33.13,-13.94,56.76,-19.42,-171.25,-38.94,117.83,-39.9,-0.31,159.85,3.49,-0.21,-42.89,0.0
1.0,2.0,-50.43,-46.62,-74.09,6.18,46.82,26.84,-129.27,110.67,-0.22,-53.11,-81.84,-2.57,35.96,2.0
1.0,2.0,22.68,-9.5,-0.99,-5.71,225.35,-59.06,58.82,111.89,2.8,-164.16,-15.48,10.0,-77.01,0.0
1.0,3.0,-111.44,-41.88,-75.85,-28.21,-83.89,81.24,-139.69,-119.0,3.9,130.28,-37.96,-6.37,-22.59,2.0
2.0,2.0,59.74,58.22,24.92,22.89,-11.32,-38.89,-66.84,42.62,0.13,2.18,-6.9,2.7,-24.68,1.0
1.0,2.0,-89.23,11.89,-18.66,-36.41,-110.42,36.9,-71.99,85.03,3.21,189.55,-13.6,-3.22,-99.51,2.0
1.0,2.0,122.52,-9.39,26.38,-21.6,-51.86,-102.54,-107.47,-17.89,-0.64,-72.39,-32.03,-13.58,17.66,0.0
2.0,2.0,-161.85,59.94,35.11,0.46,-184.37,51.78,118.95,100.11,-1.74,332.73,-14.93,0.8,-94.31,2.0
2.0,1.0,-50.93,-58.8,-71.97,11.08,122.46,-22.57,-113.29,66.34,1.93,-180.38,-9.48,-5.1,-15.73,2.0
2.0,1.0,-6.41,50.92,17.2,-13.3,132.02,-36.32,184.96,-41.5,2.87,-108.38,-0.12,6.89,-0.81,0.0
1.0,2.0,-81.35,7.27,19.38,35.68,19.69,80.74,106.61,62.82,,132.11,-39.97,-6.96,35.24,1.0
1.0,1.0,-10.97,-53.97,-48.84,41.25,-122.21,-39.05,69.15,-115.5,0.97,-112.57,60.68,-7.3,47.45,1.0
1.0,2.0,48.36,-25.77,1.53,10.68,-17.75,16.47,55.32,-3.03,-0.04,28.87,6.04,-5.0,-5.27,0.0
2.0,1.0,14.5,22.79,7.13,-31.43,-69.83,34.65,73.2,-31.57,0.83,2.33,23.64,-1.36,105.9,0.0
1.0,2.0,-44.11,61.15,-10.03,18.96,95.4,-6.67,5.3,94.76,2.37,-12.75,-20.3,-5.55,-71.7,1.0
1.0,2.0,106.39,-5.35,33.67,-3.21,-141.71,-68.69,-95.16,16.43,-0.13,59.54,-20.56,9.23,-18.66,0.0
2.0,2.0,-28.71,39.49,-16.63,-16.11,-119.96,64.09,-33.06,-67.29,-0.47,97.88,0.88,20.39,66.24,2.0
1.0,2.0,-59.4,87.05,-125.3,-9.87,61.99,8.13,106.32,-48.21,-0.76,-101.31,53.76,4.56,-162.66,0.0
1.0,1.0,94.08,-45.34,32.76,-2.13,140.95,-110.09,-11.4,-172.66,-1.31,-179.91,22.13,-0.32,-49.39,0.0
1.0,1.0,-16.08,-25.68,12.6,41.59,82.52,12.82,42.67,48.05,1.45,-57.58,6.3,-1.06,43.27,0.0
2.0,1.0,94.56,-30.84,-27.95,21.37,78.82,-50.32,-79.28,-21.82,1.21,-210.41,4.84,12.31,54.56,1.0
1.0,2.0,-132.86,-50.53,-65.7,19.47,-32.55,-66.76,-70.68,217.66,2.35,-11.63,-74.8,11.16,-102.36,2.0
2.0,2.0,-39.82,77.12,24.99,-30.71,-231.84,61.62,72.57,95.12,-1.25,274.08,-40.43,-7.62,30.45,2.0
1.0,2.0,132.98,9.76,-63.27,-16.4,215.37,-55.86,67.58,-66.35,-1.88,-227.64,-11.89,2.07,-97.19,0.0
1.0,3.0,-189.21,74.3,-14.55,-28.75,-169.33,80.79,29.12,0.71,0.4,348.85,-61.01,-9.33,-104.87,2.0
1.0,1.0,1.43,6.68,-22.41,-1.48,-12.07,-22.06,58.41,37.48,-0.61,-77.55,31.31,-17.75,0.89,2.0
1.0,2.0,-5.06,-41.67,16.28,-5.62,25.98,51.0,-108.62,-51.14,-1.48,10.52,-5.13,4.17,91.43,2.0
1.0,2.0,-16.56,-10.16,12.04,-20.99,23.16,-8.59,-102.02,94.29,2.15,-24.02,-6.92,2.76,21.66,1.0
0.0,2.0,44.89,-56.54,-63.75,-9.83,-10.34,21.99,22.3,-89.81,-1.1,-53.25,24.32,1.33,-18.32,1.0
2.0,2.0,49.81,-56.76,0.74,-18.77,-7.35,95.31,-77.99,72.39,1.2,65.14,-36.28,-1.69,114.86,1.0
1.0,1.0,-54.43,2.78,,51.67,-162.44,4.44,15.02,-45.89,-1.14,159.06,50.19,-23.34,43.96,2.0
2.0,2.0,-94.33,4.44,1.41,-4.75,88.86,31.7,-73.0,66.94,-1.82,33.06,-1.79,1.5,-48.01,1.0
1.0,2.0,8.05,-74.96,-28.36,-42.94,-45.22,40.97,-45.59,50.94,2.17,70.98,-22.74,9.82,-12.51,1.0
2.0,2.0,-11.69,-12.51,31.7,13.79,49.94,22.22,29.9,34.33,-2.66,13.89,-5.18,-13.36,37.88,2.0
1.0,2.0,-15.1,37.57,29.97,23.04,-21.48,-4.82,25.97,-38.81,1.79,36.54,-4.06,-9.81,22.09,2.0
2.0,2.0,-58.85,-2.01,-77.72,-29.04,-37.38,-16.74,89.79,79.46,6.32,16.64,0.51,14.17,-149.01,2.0
1.0,2.0,68.38,20.8,-26.14,64.56,-145.06,-67.06,20.46,-141.96,1.6,-3.43,-12.81,-9.03,-24.5,0.0
3.0,2.0,41.64,11.87,-64.65,-17.11,-54.64,6.22,-71.3,-223.89,-2.01,53.27,25.36,5.27,-143.56,0.0
2.0,3.0,59.16,11.74,-40.7,6.38,-90.58,43.33,-77.04,21.74,5.32,105.68,-19.96,2.31,-46.27,1.0
1.0,2.0,-98.69,59.6,11.03,55.01,-144.83,38.31,-6.05,102.86,0.97,210.99,13.68,-9.37,-72.22,2.0
2.0,3.0,-61.67,-34.63,20.67,24.13,-170.29,56.88,-29.41,33.67,-4.17,346.75,-18.72,-0.53,-149.65,1.0
1.0,2.0,42.14,63.93,-15.2,13.93,-146.16,13.39,110.0,35.99,1.3,162.4,5.38,-5.86,-106.97,1.0
2.0,2.0,-1.35,6.38,32.64,13.4,-82.33,-5.69,39.1,27.34,-2.69,64.47,-19.58,8.42,50.06,0.0
3.0,3.0,27.26,25.22,-102.71,15.82,-42.51,139.24,-65.76,124.11,-0.58,159.18,-41.25,9.66,-74.19,1.0
1.0,1.0,-53.41,-38.38,-16.23,-15.08,-76.9,-8.05,-170.64,2.18,0.6,-20.01,35.38,3.26,22.89,1.0
2.0,2.0,-55.55,-26.46,-75.35,-45.73,-104.64,17.99,-22.77,85.19,0.73,86.95,-37.63,12.34,-80.52,2.0
1.0,1.0,-83.04,-52.52,10.7,-17.51,-186.08,9.91,-81.35,-49.1,0.22,93.01,10.91,-8.26,78.15,2.0
1.0,2.0,140.64,87.26,-98.38,-0.68,-25.55,7.62,47.19,2.65,5.9,-139.82,-13.32,-0.68,41.57,1.0
1.0,2.0,-30.34,75.19,2.98,16.69,152.26,29.08,54.33,251.4,-1.0,-30.76,-9.14,3.19,-34.0,0.0
2.0,3.0,27.81,-9.64,-68.36,-32.72,61.31,57.69,163.17,29.65,4.18,105.92,8.51,15.06,-223.78,0.0
1.0,2.0,21.58,-16.61,-11.07,-22.18,191.83,6.05,62.35,232.91,-1.97,-92.33,-8.25,-12.48,-59.83,0.0
1.0,2.0,100.51,-20.83,55.36,67.66,-89.94,29.41,106.17,58.75,0.83,134.96,-21.15,2.07,47.21,0.0
2.0,2.0,210.32,12.82,-2.94,-13.56,-105.15,-75.07,145.79,-56.84,-0.01,-110.19,-25.53,-7.08,92.87,0.0
2.0,2.0,-50.17,3.23,-1.69,-90.08,-37.28,58.48,73.13,44.45,-0.7,81.89,44.23,4.74,-15.45,2.0
2.0,2.0,93.6,6.7,64.6,18.41,-193.6,-107.52,97.96,-269.85,-0.75,121.72,22.45,2.44,-97.01,0.0
2.0,2.0,-52.59,51.32,-24.6,-21.54,7.89,41.77,89.65,-222.87,1.78,-19.92,-2.21,-3.96,75.8,2.0
2.0,2.0,-100.73,39.63,-52.48,-24.02,-137.12,30.46,53.19,-22.65,-3.4,122.66,-13.26,8.27,-49.45,2.0
2.0,2.0,-30.05,-42.35,20.7,36.38,0.76,19.81,90.98,7.9,2.45,50.15,-13.82,4.74,22.33,1.0
1.0,2.0,92.95,37.7,-22.93,15.73,123.66,31.19,86.81,-51.31,-1.89,-159.75,-3.31,-1.72,112.45,2.0
1.0,2.0,-63.18,-5.35,-68.87,-43.09,21.46,2.89,-36.84,-4.1,-0.39,-63.49,-12.19,5.47,-24.43,0.0
1.0,2.0,-71.88,-58.91,-3.33,-11.41,-38.82,0.48,-22.77,91.19,-1.81,41.66,-39.0,27.5,19.75,2.0
1.0,2.0,-71.09,3.42,30.78,-61.88,-224.71,1.74,-20.26,-139.36,-0.67,251.7,-3.83,-4.5,-60.51,0.0
2.0,2.0,65.0,9.25,-23.95,-35.12,173.84,-25.12,-28.21,263.49,-2.03,-156.43,-38.03,-5.67,-15.34,0.0
1.0,2.0,-85.17,27.77,-59.3,23.37,172.69,-0.04,39.68,28.78,-0.26,-120.52,0.6,-2.98,-78.92,1.0
1.0,2.0,26.06,,0.14,20.97,-143.46,17.65,13.34,100.44,3.64,154.89,-29.5,14.83,-30.71,0.0
2.0,3.0,-127.78,-75.39,17.12,-34.51,-126.94,5.65,-90.1,43.71,-0.32,337.94,8.36,3.79,-289.62,1.0
1.0,3.0,23.05,41.39,-45.84,-47.66,71.53,70.78,-69.72,-131.51,4.8,-42.12,-50.45,-5.54,96.86,2.0
1.0,3.0,-116.39,44.51,54.46,-31.37,-291.09,25.12,29.14,67.16,0.08,471.24,-12.49,6.71,-208.41,1.0
1.0,2.0,44.42,18.72,-23.38,17.84,-66.0,68.79,-92.64,32.34,1.1,95.46,45.19,-10.55,-43.87,0.0
2.0,3.0,-1.34,29.99,-49.84,-45.77,-96.61,91.07,-29.19,259.39,0.41,186.0,-45.98,2.19,-56.13,0.0
1.0,2.0,68.2,108.82,-90.05,49.92,55.26,41.45,119.97,42.24,-2.37,-104.42,-24.14,-17.42,20.32,2.0
1.0,1.0,10.69,-26.69,43.91,12.49,-40.81,52.55,81.18,18.8,-3.15,55.72,34.38,-1.98,91.82,2.0
2.0,2.0,127.58,23.97,-39.64,-27.36,-46.83,-20.98,-59.33,-70.68,-0.05,-106.26,8.95,-1.24,49.52,1.0
3.0,2.0,37.7,-3.43,-39.32,-18.09,-114.71,22.26,78.44,-107.34,-4.73,55.07,0.35,-6.39,-2.9,1.0
1.0,2.0,48.23,18.65,-37.82,13.51,-73.26,102.58,13.07,-52.41,-0.13,72.85,18.99,-10.81,58.8,2.0
2.0,1.0,-40.64,-19.81,85.07,2.68,-53.61,17.06,-62.63,-46.74,0.74,97.42,14.22,-2.77,88.63,2.0
1.0,0.0,-101.83,9.77,44.48,-11.49,171.24,-59.1,-49.82,53.69,-1.61,-221.77,-1.42,-8.48,134.01,1.0
2.0,1.0,27.99,-16.14,-5.24,46.38,-2.15,29.45,-58.08,-2.94,1.16,-50.66,30.99,-0.49,75.98,2.0
1.0,2.0,-1.26,20.02,25.19,23.76,47.78,24.72,129.84,97.74,2.85,-17.7,-21.34,-4.04,85.91,1.0
1.0,2.0,-101.44,75.02,-104.11,25.48,121.61,-3.11,82.87,-25.69,0.03,-126.03,-7.4,8.05,-96.13,0.0
1.0,3.0,133.34,54.16,-46.61,-10.85,-115.01,24.22,13.93,-164.9,0.21,58.02,20.46,0.88,-48.77,1.0
0.0,2.0,59.92,-43.56,18.45,17.46,6.7,-57.65,103.32,249.01,0.68,-46.37,-46.4,6.32,7.95,0.0
3.0,2.0,67.82,-85.25,-76.52,14.73,24.25,28.67,131.16,-78.1,-3.14,-146.59,5.82,-2.04,80.11,2.0
1.0,3.0,138.29,-72.82,-16.63,21.43,-92.72,17.82,-2.58,-126.9,-0.54,51.54,-22.93,-8.15,22.41,0.0
1.0,2.0,-21.09,50.31,71.72,-1.1,20.7,38.65,90.35,-33.83,-0.31,46.4,-12.85,-0.91,131.51,2.0
2.0,2.0,-0.52,-78.94,4.11,3.12,-186.77,5.78,-60.87,-98.8,-2.38,163.65,-16.51,7.87,-16.27,0.0
2.0,2.0,37.07,-10.05,18.77,55.31,-108.28,45.32,-0.01,25.31,0.67,130.11,-44.48,-13.21,71.15,0.0
3.0,2.0,-40.73,103.54,29.43,25.05,5.93,11.54,161.91,58.02,-2.87,50.1,-5.52,-7.52,8.59,1.0
2.0,3.0,199.59,45.27,-72.53,-59.99,-67.34,33.97,-70.52,-3.11,1.54,-30.02,-9.93,-0.81,10.15,1.0
1.0,2.0,-46.2,26.88,15.71,32.63,13.36,34.11,-11.1,55.73,1.28,120.93,7.89,-2.38,-88.08,0.0
2.0,3.0,-106.82,-6.37,11.67,2.31,-14.97,140.47,-19.62,3.53,-0.56,302.12,-55.3,8.77,-44.26,2.0
0.0,2.0,-15.5,6.91,14.64,-16.86,200.17,22.62,23.5,15.03,4.54,-86.31,29.01,-18.57,-20.3,0.0
1.0,1.0,-110.83,-37.93,76.93,10.44,-50.6,1.93,-244.4,-202.02,1.04,9.52,25.12,-2.8,171.64,2.0
2.0,2.0,3.7,-70.67,-63.26,29.98,19.03,47.49,-154.54,103.92,1.95,-11.52,-16.78,-2.05,-15.43,2.0
2.0,2.0,14.98,-1.06,14.95,-63.56,87.36,2.42,-14.93,164.85,0.31,-44.58,-11.92,-1.94,13.94,0.0
1.0,3.0,-19.39,76.62,27.44,-55.07,25.57,22.9,86.95,188.14,7.66,83.53,-84.52,-6.78,33.77,2.0
1.0,1.0,-155.58,20.86,99.37,-22.49,115.27,-16.23,8.52,6.38,-5.19,27.29,-11.71,-20.26,44.67,1.0
1.0,1.0,-96.32,81.14,49.05,-27.97,96.22,-53.27,-93.7,52.47,4.81,-90.72,6.47,-19.27,33.88,1.0
1.0,2.0,-92.77,15.58,-122.53,-27.64,-102.92,-8.21,-58.51,-222.88,-0.8,-19.28,10.22,-6.66,-93.23,0.0
2.0,2.0,-152.66,-9.87,43.51,-3.8,-84.6,40.1,63.73,85.47,-1.75,302.79,-8.29,12.52,-154.07,1.0
3.0,2.0,-33.99,-49.81,-76.04,1.5,55.98,-8.33,16.09,-38.13,0.37,-83.4,7.94,0.86,-83.43,0.0
1.0,2.0,-17.94,-35.54,-55.41,-13.92,-44.35,1.59,-64.18,112.35,3.37,18.01,27.19,12.84,-110.07,2.0
2.0,1.0,-96.87,2.85,-15.06,31.97,-7.16,-16.68,142.1,17.03,-2.82,-67.09,3.57,5.43,51.1,1.0
2.0,2.0,33.85,-125.23,2.03,18.59,-37.8,9.99,-52.43,7.31,-0.87,56.12,-1.75,-4.71,-25.04,0.0
1.0,2.0,171.35,-1.74,-42.76,8.96,-123.98,40.05,-108.37,-156.33,2.97,6.11,23.01,-13.24,53.06,1.0
1.0,1.0,-13.86,25.34,106.06,20.64,-183.55,35.41,,78.87,-2.53,174.91,44.11,-3.67,123.53,2.0
1.0,2.0,-5.85,36.74,17.41,-5.01,9.02,-21.47,49.63,233.31,4.57,50.68,32.82,7.73,-129.81,2.0
2.0,2.0,123.32,83.76,-7.6,49.12,117.37,-38.37,70.35,-19.9,0.45,-116.01,-52.45,8.29,6.3,0.0
1.0,2.0,-13.44,3.97,16.16,10.22,4.56,37.59,72.17,362.83,-1.6,97.77,-24.02,-0.81,-33.98,0.0
1.0,2.0,-64.24,-38.07,-39.23,22.37,106.08,16.98,-110.78,57.16,-2.03,-50.14,-10.62,6.41,-43.91,1.0
1.0,1.0,-133.37,34.53,72.14,-38.35,-57.12,12.23,-2.48,50.26,-1.16,64.17,25.94,13.37,102.54,1.0
2.0,2.0,-3.42,-54.82,-75.06,-48.14,154.21,52.32,-154.65,34.36,4.2,-118.95,-23.5,5.87,11.42,1.0
1.0,3.0,130.83,75.47,-108.42,3.65,-170.45,82.41,-126.41,25.75,2.87,152.44,-34.87,-6.22,-83.86,1.0
2.0,2.0,41.2,-72.56,-10.81,-19.32,12.67,9.32,15.22,53.09,0.17,-50.71,-25.43,-5.0,70.34,1.0
1.0,1.0,-80.12,37.53,-40.61,7.95,-35.52,12.41,-76.7,-49.78,2.38,0.22,32.3,-7.3,-34.5,1.0
1.0,3.0,98.23,82.53,-15.48,16.5,-111.46,29.53,195.72,19.62,-1.23,124.99,-9.38,18.44,-52.22,1.0
1.0,2.0,106.47,24.07,5.38,-32.93,82.21,-78.4,17.71,-30.26,-2.43,-82.07,6.89,-10.16,-114.62,0.0
2.0,2.0,-28.8,-36.61,0.14,-20.48,-35.4,12.02,50.82,42.21,-3.54,49.01,-7.53,-6.68,-3.04,2.0
2.0,2.0,-14.02,30.17,7.09,-22.82,-69.65,30.91,-14.26,193.76,-7.98,118.49,-30.27,-10.02,-8.5,0.0
2.0,1.0,-82.68,3.67,10.66,-1.81,-38.53,14.64,15.06,-241.26,3.41,6.36,19.67,-14.24,77.09,2.0
1.0,2.0,-10.13,1.0,-18.16,26.97,186.84,17.66,-47.91,329.69,-3.72,-101.52,-35.43,-4.31,-7.61,0.0
2.0,2.0,90.92,52.65,41.12,-22.84,16.16,-77.62,106.1,117.36,-0.37,-55.69,-12.13,-1.33,-16.64,0.0
2.0,2.0,74.05,-82.02,50.95,34.67,-119.24,55.58,140.4,89.41,0.31,134.86,-49.42,7.57,142.95,0.0
1.0,1.0,-65.46,12.97,88.32,40.58,22.23,-9.34,38.52,-56.07,-2.19,46.97,-10.94,-0.23,79.64,2.0
1.0,3.0,25.79,16.4,0.27,12.04,93.27,38.42,-97.91,141.91,2.38,72.0,-37.08,-0.01,-81.81,1.0
2.0,2.0,66.61,54.77,-71.85,33.68,-57.1,0.37,-133.84,-56.19,-0.53,-23.23,12.59,14.19,-63.86,1.0
1.0,2.0,-110.81,-33.53,-45.16,1.49,93.01,27.23,-14.0,53.74,-2.76,25.35,-10.03,17.18,-117.52,1.0
1.0,2.0,-78.99,52.28,-0.76,-29.66,-61.73,24.82,-82.68,80.03,-3.04,162.85,-8.2,5.1,-103.48,1.0
1.0,2.0,-63.8,-54.66,-97.25,-3.39,65.77,0.31,89.67,58.73,-0.93,3.06,-29.99,-4.42,-189.68,2.0
1.0,3.0,105.79,-31.96,8.1,-35.51,-231.2,-39.83,9.71,-46.38,-1.45,166.4,-22.34,-3.08,-70.68,0.0
2.0,2.0,53.65,-49.0,67.16,-27.44,-76.46,36.46,40.03,305.41,0.37,198.77,-19.13,2.64,-25.25,2.0
1.0,2.0,39.07,39.62,-142.79,-16.94,187.94,-67.18,46.86,-111.61,1.34,-299.09,13.72,-9.59,-143.79,0.0
2.0,3.0,14.48,15.97,-53.23,-26.82,59.73,102.83,-19.88,56.52,0.12,9.05,-35.95,-8.97,58.48,1.0
2.0,2.0,49.58,13.0,-26.31,16.64,-64.12,21.33,-74.36,-69.63,1.36,43.1,-23.37,11.48,10.36,0.0
2.0,2.0,54.89,-56.77,5.79,19.08,-142.12,55.55,-79.54,-146.71,-5.41,135.54,7.47,14.21,42.86,1.0
2.0,2.0,-44.34,-36.95,-24.78,-2.76,114.85,22.35,-66.96,53.36,1.99,-34.88,-13.35,2.64,-37.59,1.0
1.0,3.0,66.2,-49.57,-66.96,15.31,-28.74,45.51,-43.46,30.04,0.69,24.74,-22.71,5.12,-32.24,1.0
1.0,1.0,-58.93,-39.68,35.59,0.57,129.07,21.77,1.83,-154.79,-1.61,-54.53,32.73,16.54,46.87,0.0
1.0,2.0,85.15,-43.17,-37.28,-34.17,-39.23,-4.86,-42.99,22.63,2.04,-61.9,6.63,12.68,20.65,1.0
1.0,1.0,-50.89,-11.65,0.48,14.46,184.32,-8.84,-34.87,20.58,-1.97,-148.8,-37.07,11.36,69.41,0.0
1.0,2.0,102.43,-13.13,-136.68,-10.51,-47.06,40.86,83.35,-11.97,2.16,-111.44,39.54,-1.48,-31.61,1.0
2.0,2.0,127.65,36.46,-100.81,8.52,-149.64,-17.51,-79.49,-153.36,1.72,-102.79,-12.58,-11.44,61.11,0.0
0.0,2.0,-52.53,-64.87,-90.16,-36.36,4.96,-4.86,4.43,-119.17,-1.62,-63.6,-19.88,-19.81,-47.49,0.0
1.0,2.0,48.44,42.61,-26.12,-31.32,-135.42,102.88,110.66,-4.96,1.39,119.55,32.41,15.11,54.28,2.0
0.0,2.0,84.49,-59.88,-13.53,30.89,-127.5,6.7,74.73,-136.55,-1.75,6.94,29.82,-16.78,52.47,1.0
2.0,2.0,148.64,-51.51,36.93,-4.0,-23.37,48.38,76.16,-44.63,-3.08,52.76,-11.78,10.17,89.52,1.0
2.0,1.0,-4.04,-1.8,-7.6,-1.32,-69.39,29.94,0.18,-18.52,-0.63,23.46,55.31,6.87,13.56,2.0
2.0,2.0,-5.05,3.35,16.49,16.44,74.93,-25.5,144.67,230.95,3.07,14.15,28.92,4.27,-142.73,2.0
1.0,2.0,-0.87,20.51,-12.26,7.95,5.41,15.95,61.54,-19.79,-1.25,-0.61,-1.49,1.86,6.2,1.0
2.0,2.0,15.79,11.45,8.21,39.8,-76.72,-29.7,44.42,-71.2,5.8,78.77,-17.8,0.09,-57.2,1.0
2.0,2.0,15.5,18.39,-74.84,9.97,99.56,77.54,98.58,-54.66,0.31,-42.8,-12.76,-4.47,-6.33,2.0
1.0,2.0,-17.84,50.06,27.2,-15.7,-28.77,4.21,26.76,-23.18,2.05,36.48,-4.02,5.35,39.15,1.0
1.0,1.0,-54.09,20.76,-17.13,49.48,-114.02,9.87,42.83,85.05,3.67,28.7,13.38,0.8,38.12,2.0
0.0,2.0,201.0,-50.66,41.41,42.78,-176.24,-169.52,-37.4,44.27,1.05,-4.7,-40.59,3.05,-66.21,2.0
1.0,1.0,13.68,62.6,-16.43,41.38,-57.13,-29.25,29.49,-30.84,-1.9,-70.25,19.79,6.56,41.37,1.0
1.0,2.0,26.94,37.07,14.15,12.16,-208.61,-4.09,10.69,-202.44,0.19,197.59,1.45,4.54,-59.54,0.0
1.0,1.0,-63.82,38.95,-18.81,33.04,-2.74,22.37,-1.2,-95.41,-1.5,-47.39,12.87,5.37,75.67,2.0
1.0,1.0,-27.83,48.44,88.02,25.83,-52.92,36.99,-115.66,-33.73,3.37,87.5,11.02,-5.58,142.01,2.0
0.0,2.0,-34.37,44.36,-4.29,15.52,64.51,32.25,-46.27,7.24,1.72,11.41,-6.32,17.56,-8.98,1.0
2.0,2.0,-26.78,-46.17,-18.51,-7.34,-122.19,71.73,-117.77,-104.44,-3.16,88.43,32.85,-6.88,60.11,1.0
1.0,2.0,87.19,-22.97,34.27,13.37,-1.83,-56.02,-50.8,-38.12,2.27,-5.21,14.09,-9.43,-58.57,0.0
1.0,2.0,-79.0,-47.19,81.1,36.75,-182.64,-47.37,-49.03,25.87,3.82,168.37,-61.66,-4.25,64.17,0.0
2.0,2.0,56.27,86.48,18.82,-19.48,-140.02,-47.45,-65.88,-273.18,0.87,67.89,-0.82,-14.15,-13.62,0.0
2.0,2.0,62.4,14.07,39.65,27.13,-61.83,61.77,23.27,217.83,-2.51,80.28,37.89,-7.34,62.17,2.0
1.0,2.0,107.23,20.72,1.0,-11.18,-90.2,-69.55,-271.0,-17.59,1.26,1.72,-32.88,9.11,-29.49,0.0
2.0,2.0,18.12,27.25,-74.46,2.01,-51.7,-22.21,-11.36,-113.21,0.31,-55.91,-16.04,2.68,-28.81,0.0
2.0,2.0,99.96,-53.35,-3.2,26.95,-16.19,-46.44,46.01,169.93,1.29,-22.57,-37.08,-9.4,-32.85,0.0
3.0,3.0,3.87,-2.0,-7.81,43.61,-199.01,19.14,-128.82,70.07,0.16,200.67,-41.85,0.01,-36.56,0.0
2.0,1.0,-52.14,-63.35,-70.01,-42.17,-66.32,-48.93,13.58,-125.92,-2.56,-52.09,2.28,-1.21,-67.38,0.0
2.0,2.0,99.14,-7.71,42.33,11.38,-55.47,-1.25,60.71,19.81,0.74,91.38,-11.08,-4.86,-9.19,0.0
2.0,1.0,34.82,18.61,56.21,-10.65,-81.74,-79.2,92.02,-293.85,-5.74,-9.29,8.9,8.5,41.6,0.0
1.0,2.0,53.93,27.68,5.78,16.08,-11.85,-43.85,14.17,26.99,2.55,-39.91,-10.64,-14.5,-4.41,0.0
2.0,2.0,-154.76,46.15,3.9,52.24,-194.67,21.79,-25.34,144.49,1.18,273.1,18.14,-3.77,-151.09,2.0
1.0,2.0,49.95,-26.83,15.03,-19.47,73.28,67.09,-12.8,33.17,0.62,17.65,-12.65,-3.65,61.19,2.0
2.0,2.0,123.19,71.74,117.58,18.24,-192.7,-7.73,151.89,114.46,-4.91,199.37,33.14,-7.93,28.53,0.0
2.0,2.0,65.51,44.98,5.84,51.69,-30.59,-32.17,-32.2,40.89,-2.66,30.07,-12.8,-6.26,-60.85,0.0
1.0,2.0,-61.11,-12.69,-38.34,11.62,-30.99,-56.89,-150.56,119.89,2.0,6.66,-5.72,13.65,-140.31,2.0
2.0,1.0,-16.19,-42.95,-36.39,8.61,68.31,-62.94,-126.76,23.33,2.68,-114.59,17.11,-15.82,-97.31,0.0
2.0,1.0,73.73,15.43,7.17,7.04,3.42,18.24,-65.46,53.42,0.3,-188.51,38.85,2.51,236.5,1.0
1.0,2.0,-23.86,-38.68,20.32,10.81,22.78,7.7,78.15,101.4,-0.34,20.31,-14.51,-2.93,14.92,0.0
0.0,2.0,84.68,-21.86,-17.99,-32.75,-187.45,-52.29,-134.42,-98.77,-1.69,-6.2,-34.72,-11.87,73.04,0.0
2.0,1.0,25.78,94.15,0.58,-19.29,41.59,-78.44,46.75,119.3,-4.59,-156.38,45.17,1.98,-24.27,2.0
2.0,2.0,48.12,53.89,42.23,-15.9,-17.24,-54.48,157.8,131.04,-6.71,21.76,-9.61,-10.12,-43.99,1.0
1.0,2.0,-111.1,44.0,22.09,-21.8,-214.11,75.63,116.78,5.9,0.59,243.61,22.54,17.36,28.11,2.0
1.0,2.0,169.83,-18.29,46.49,40.72,20.31,-125.21,41.64,-17.03,1.64,-110.02,6.37,2.75,-47.38,0.0
2.0,2.0,-31.84,-53.75,-44.55,20.91,-13.11,56.16,-41.54,60.87,1.09,88.69,-1.57,-6.52,-80.23,2.0
2.0,2.0,-22.76,-8.9,27.09,46.73,-245.8,52.86,-40.82,25.34,1.88,266.0,2.32,-11.36,-1.26,2.0
1.0,2.0,-92.22,-98.03,33.21,-35.86,-104.58,66.41,135.14,47.95,-1.68,179.58,37.65,-5.28,0.52,2.0
1.0,2.0,-80.78,-16.19,9.54,5.76,80.7,64.26,-67.35,6.74,-2.19,17.31,3.8,-3.13,47.29,0.0
2.0,1.0,-123.4,47.92,-2.44,2.69,261.2,4.55,-149.11,21.33,-0.98,-158.81,-21.3,2.18,31.19,1.0
2.0,2.0,-38.99,-70.52,-138.8,16.7,172.02,-85.75,103.71,-117.11,-2.99,-279.74,-18.21,11.54,-135.73,0.0
2.0,2.0,1.48,53.75,-2.0,54.67,-22.37,3.29,213.64,-6.22,-1.51,58.28,0.08,-22.08,-55.66,0.0
1.0,2.0,115.51,31.94,-5.68,5.0,-68.74,27.25,-108.96,-135.09,4.31,30.56,-1.0,3.33,46.97,1.0
2.0,3.0,194.83,17.1,-75.54,32.16,3.09,36.63,-33.4,-63.75,1.5,-41.28,-5.41,8.39,-36.15,1.0
3.0,2.0,-3.37,5.7,31.2,-28.83,-36.32,64.98,19.66,-100.68,-2.52,134.46,3.88,19.01,24.47,1.0
3.0,2.0,-6.95,25.75,-0.6,0.19,-51.31,19.81,-85.31,106.48,4.76,48.08,1.45,-3.81,7.7,0.0
2.0,3.0,-177.51,-12.13,-6.25,-56.9,-17.62,108.65,53.56,108.39,-3.44,285.05,-34.38,4.39,-122.65,1.0
1.0,3.0,-75.11,-18.0,6.9,12.61,-65.16,41.14,-32.49,72.1,-1.92,197.12,-46.23,-2.96,-64.99,2.0
1.0,2.0,-87.47,21.75,-68.77,-3.12,131.94,-64.69,111.72,-76.55,-3.93,-140.66,-20.99,1.66,-119.31,0.0
1.0,2.0,27.29,9.03,-98.0,-24.54,15.4,-41.35,-74.25,77.42,-4.44,-123.0,4.29,8.3,-105.83,2.0
1.0,1.0,-51.09,-13.27,-8.45,-5.01,-19.21,-53.59,-19.36,46.7,-4.42,8.89,21.37,-6.68,-121.13,1.0
2.0,2.0,61.72,-7.46,53.66,24.61,-141.75,-60.54,16.79,-78.26,-1.01,111.05,6.82,2.04,-53.05,0.0
1.0,2.0,95.12,99.25,3.66,2.94,-40.36,-43.72,157.82,80.88,2.29,16.27,-20.28,8.16,-58.06,0.0
1.0,2.0,-55.36,43.05,30.42,-13.1,-114.24,45.94,-1.52,-12.83,3.15,136.27,-9.55,0.26,71.1,2.0
1.0,2.0,-153.63,21.13,7.48,41.94,-213.69,29.32,-62.93,100.46,-0.89,288.89,-5.95,12.29,-108.98,2.0
1.0,2.0,95.28,44.57,45.38,-20.09,-138.57,-102.48,23.3,-193.79,-2.48,53.82,3.09,20.02,-63.37,0.0
2.0,3.0,64.96,35.14,-29.88,70.72,-140.73,71.93,-73.49,274.27,-2.65,194.3,-12.17,-5.02,-75.47,2.0
2.0,2.0,-10.6,21.09,39.42,-0.76,38.76,68.82,-71.48,-207.89,-1.62,-0.31,8.99,11.7,162.11,2.0
1.0,2.0,59.89,-26.5,63.56,41.94,-4.55,38.98,94.82,16.7,-0.53,43.04,-20.96,13.05,135.98,1.0
2.0,2.0,66.97,46.24,28.09,26.13,-101.95,-51.16,-87.87,308.42,-4.03,114.99,-35.04,-6.04,-101.03,0.0
1.0,2.0,-65.27,27.5,-27.43,6.55,-22.57,-46.58,-27.65,11.46,1.24,34.38,13.28,0.91,-159.53,1.0
1.0,2.0,-56.5,17.97,-10.64,3.3,130.97,24.52,-11.91,26.85,-1.73,-80.44,-19.46,13.85,47.1,1.0
2.0,1.0,-6.3,30.57,23.47,8.29,-27.75,38.2,167.95,30.91,-2.0,-37.11,16.38,2.56,163.67,1.0
1.0,2.0,97.29,-20.17,-71.08,-29.0,185.15,-1.57,-143.98,79.5,-0.15,-207.32,-7.2,1.38,-22.94,0.0
1.0,2.0,-130.57,21.21,-55.67,29.71,-117.23,67.88,-28.05,-9.87,-5.97,175.02,6.94,-6.32,-91.66,2.0
2.0,2.0,-16.85,-7.38,-23.77,71.48,21.38,28.96,16.45,57.43,-2.73,22.73,7.15,-0.86,-46.07,2.0
1.0,2.0,-51.59,45.26,-17.33,20.92,-83.69,36.38,203.42,83.55,1.12,140.58,-22.47,-12.54,-53.23,1.0
2.0,2.0,-12.69,-37.56,19.17,-14.02,-196.69,50.93,251.08,-22.85,4.27,216.8,21.25,5.75,-13.51,2.0
3.0,1.0,21.64,-2.05,42.61,-36.12,-20.97,12.82,3.19,181.95,-5.81,-20.04,65.31,8.88,59.18,2.0
2.0,2.0,-1.95,24.93,2.91,2.67,144.54,18.96,65.84,190.61,-1.99,-69.94,-10.74,-7.44,7.1,0.0
2.0,3.0,4.9,15.62,-36.5,-7.4,-76.84,127.93,-54.59,114.76,1.46,192.72,-39.21,3.16,7.01,1.0
1.0,2.0,60.41,-10.28,46.87,-0.84,-197.1,-9.63,115.13,-6.69,0.22,215.1,9.03,9.24,-71.24,1.0
1.0,2.0,50.79,-5.6,28.23,25.7,-102.55,-16.69,-50.92,95.41,-5.4,132.09,-3.85,5.34,-78.32,0.0
2.0,2.0,-91.73,2.21,-4.34,10.55,-151.81,54.14,-118.6,160.62,-5.0,218.36,56.74,-6.58,-123.2,2.0
1.0,2.0,63.32,-0.8,17.24,-39.21,-192.74,-46.88,-26.92,56.81,2.86,88.35,-52.64,3.9,35.03,0.0
1.0,3.0,-239.99,1.88,-67.46,-26.81,-268.52,150.93,-36.57,-24.36,0.61,478.02,-45.65,-10.84,-163.47,2.0
1.0,2.0,99.63,51.1,29.67,27.04,-211.96,-40.53,62.67,147.17,2.09,172.61,-27.0,-1.62,-65.33,0.0
2.0,2.0,-50.16,-3.05,42.28,-52.74,-288.98,63.36,73.72,-42.44,3.13,339.65,-20.47,-18.87,14.95,2.0
2.0,2.0,-6.1,-42.97,-60.45,-13.0,-16.83,39.3,-32.15,134.34,0.7,20.45,-41.52,2.81,-11.53,2.0
2.0,3.0,-238.06,19.73,67.12,-44.84,-190.24,101.55,73.43,99.5,0.26,514.35,-56.59,-11.26,-131.27,1.0
0.0,1.0,-17.68,5.08,-96.97,3.92,89.66,-59.56,163.7,-81.57,-0.13,-177.52,23.96,3.3,-131.03,0.0
1.0,2.0,15.17,-29.76,1.44,-30.89,-31.37,-31.96,25.44,-19.22,1.48,40.49,6.12,-1.67,-88.63,1.0
1.0,2.0,-77.23,42.63,-69.51,0.46,-77.12,39.07,-106.12,-8.73,0.35,55.42,10.84,-19.88,-55.37,0.0
1.0,1.0,-89.05,15.87,75.3,10.46,-10.75,-4.4,-74.07,-70.79,-2.34,6.37,12.17,5.17,129.31,2.0
3.0,2.0,-0.85,10.11,-16.19,15.67,-60.86,-18.16,-200.83,-208.66,0.33,120.93,33.93,-18.83,-190.39,0.0
2.0,2.0,102.99,-41.65,-112.49,10.59,-42.23,23.52,89.96,-93.17,1.61,-83.41,36.38,9.91,-54.01,1.0
1.0,1.0,-105.87,8.1,-23.96,43.66,-45.3,38.98,76.29,-79.65,-1.74,4.74,24.76,3.62,57.57,1.0
1.0,2.0,74.02,-2.41,-0.83,-4.22,-204.2,97.57,87.47,29.06,-1.8,210.06,61.32,5.47,-8.51,2.0
2.0,2.0,-57.75,-3.96,-2.29,-35.21,-333.64,-16.76,-20.98,285.49,-4.48,262.63,12.92,3.81,-116.07,2.0
1.0,3.0,-155.93,62.41,4.05,48.4,-112.44,64.56,-42.75,79.78,0.46,301.91,-29.84,-11.46,-130.53,2.0
2.0,2.0,-90.45,-16.44,9.94,-62.92,83.61,63.83,139.17,166.83,2.26,24.04,-14.86,0.91,46.93,0.0
2.0,2.0,1.39,21.53,32.57,-30.69,-87.6,55.25,-39.16,-49.0,-0.67,97.76,10.88,16.38,91.27,1.0
2.0,2.0,-99.78,25.09,41.99,-33.19,-213.53,86.49,-0.48,68.15,-0.87,292.84,23.9,17.85,8.84,2.0
1.0,1.0,-91.31,-24.91,39.52,-49.76,-111.74,-18.94,-124.3,70.41,1.38,12.46,30.65,-8.26,93.52,2.0
1.0,2.0,-12.68,-8.88,-57.91,-13.84,65.03,44.54,-36.49,37.47,0.07,5.22,-5.82,-5.04,-77.73,2.0
2.0,2.0,88.84,-0.29,-45.09,10.28,-8.04,-73.06,-65.1,-84.32,3.53,-131.25,-16.48,-2.42,-19.09,0.0
1.0,1.0,14.05,31.22,88.7,-40.47,11.85,-36.92,94.51,52.39,-0.45,-4.18,20.4,5.28,56.22,0.0
1.0,1.0,-10.69,7.73,139.87,33.4,190.87,-24.14,40.33,133.02,0.02,-63.64,1.58,7.22,110.64,2.0
2.0,3.0,-86.55,-18.94,-45.79,-49.93,-5.5,30.23,-6.14,-29.58,-2.1,54.95,-101.5,6.41,26.95,2.0
0.0,1.0,-148.72,-1.43,109.47,-8.39,-175.83,62.11,-9.47,30.18,5.85,204.1,-0.27,-4.98,202.4,0.0
2.0,2.0,176.2,52.59,-16.28,-56.98,-141.7,-65.51,-80.71,-13.45,-1.39,-55.34,17.73,-16.56,4.18,1.0
2.0,2.0,12.68,-10.95,69.59,9.45,9.67,26.91,140.06,127.73,-1.31,149.52,-27.61,-15.44,-20.53,2.0
2.0,2.0,35.93,-13.27,-27.91,-26.96,0.64,-44.21,-91.02,31.08,1.63,-62.52,11.67,5.13,-63.94,1.0
2.0,2.0,-21.87,58.04,57.88,51.52,-138.3,-15.42,-52.85,-195.04,-0.35,163.69,24.53,-4.16,-35.78,0.0
1.0,1.0,41.92,-19.07,-94.72,-36.51,-154.44,4.47,32.11,-191.04,-0.24,-60.27,53.15,-14.13,7.42,1.0
1.0,1.0,-84.23,-34.17,8.36,-0.09,-116.14,10.5,-128.42,-100.08,1.78,31.57,31.52,9.78,78.68,1.0
2.0,2.0,-67.78,57.69,-77.81,31.42,-142.79,-33.65,-222.41,-224.14,-0.13,-8.05,-56.25,-9.68,22.17,0.0
2.0,2.0,17.32,24.3,-19.9,-9.39,23.65,16.53,-271.6,-11.52,-3.2,25.74,-6.47,10.35,-55.0,1.0
2.0,2.0,-4.09,-21.71,79.83,-9.3,119.45,13.28,-26.59,-5.26,-5.03,-27.49,-7.08,0.84,103.14,2.0
2.0,2.0,81.28,50.75,-71.05,6.47,107.95,13.57,-74.42,92.58,-1.59,-132.0,26.02,6.58,-61.8,2.0
2.0,2.0,100.46,5.6,23.19,78.36,-89.24,-78.11,34.57,44.04,2.03,62.38,-12.06,-7.5,-111.7,0.0
2.0,3.0,-78.45,23.31,20.27,-13.89,-117.33,73.42,-52.48,91.98,1.61,263.08,-24.35,-3.56,-50.46,2.0
1.0,2.0,130.54,1.01,-3.41,9.05,-60.5,24.19,-106.97,-24.46,0.69,50.12,19.7,-4.45,-17.97,0.0
1.0,2.0,-61.76,52.71,16.75,-35.51,-21.43,26.17,60.02,47.49,-0.31,91.42,-20.82,-3.91,1.22,1.0
2.0,2.0,-57.6,-23.17,-18.81,33.65,-49.59,60.47,-51.16,-67.09,1.45,91.34,-27.5,2.49,38.18,2.0
2.0,,13.33,-48.32,-36.93,-31.29,-43.03,-3.17,79.69,-5.44,4.16,-73.24,23.84,-0.28,38.55,2.0
2.0,1.0,-64.98,-46.03,-7.15,23.13,-12.27,-11.46,-15.07,69.41,-5.11,-4.98,-6.06,5.24,-2.62,2.0
2.0,2.0,132.46,4.75,-28.19,0.19,-84.32,-46.43,37.22,-72.48,3.62,-42.82,10.78,11.84,-30.45,1.0
1.0,1.0,-97.59,-3.22,114.18,42.49,-213.13,25.05,-57.85,-8.31,2.73,216.94,6.04,-1.55,147.08,0.0
1.0,2.0,28.29,95.54,-10.59,-65.48,-56.38,-35.67,100.86,-129.85,-0.27,43.01,8.22,18.13,-95.49,0.0
2.0,2.0,-141.99,-27.12,6.31,-68.99,68.5,125.51,-84.1,72.32,-0.36,97.62,6.49,-17.51,57.83,0.0
1.0,1.0,88.54,72.5,-104.48,-11.86,-157.65,-24.26,79.45,-188.09,-1.02,-137.68,53.97,16.19,36.31,1.0
1.0,2.0,-104.81,-0.65,-1.51,-37.86,-35.4,53.5,167.37,-10.16,-1.46,103.41,8.47,-3.59,-5.04,1.0
1.0,1.0,105.06,-55.07,-36.8,-2.1,66.24,-29.59,-61.43,6.22,1.61,-268.21,71.78,4.36,91.43,2.0
2.0,1.0,-133.4,-24.23,-76.88,51.27,-70.33,-75.22,159.35,187.45,-3.58,-68.96,-12.9,-7.3,-89.73,2.0
3.0,2.0,11.96,15.21,-76.04,-17.46,-93.89,20.82,43.87,-84.94,2.03,13.55,-8.95,15.82,-19.03,0.0
1.0,3.0,-171.54,-24.99,12.17,15.79,-153.37,111.72,-69.87,93.02,-1.26,374.71,4.8,-15.14,-128.04,2.0
2.0,2.0,-5.11,-26.2,24.53,11.1,-235.64,1.6,248.67,156.23,1.1,192.74,-55.8,-0.19,40.68,0.0
2.0,1.0,-73.57,-39.94,29.77,-17.27,75.32,33.94,9.98,214.47,-4.41,-11.63,-23.76,-10.21,85.96,0.0
2.0,1.0,81.36,37.25,4.67,-61.13,-39.05,5.46,-29.7,-70.77,-0.36,-108.61,14.75,5.16,170.93,1.0
2.0,2.0,27.71,-23.47,40.93,12.1,-4.48,-34.76,131.88,-42.19,-2.34,35.01,16.7,0.85,-52.98,0.0
2.0,1.0,65.55,-2.57,-93.21,-36.04,-91.6,-17.78,-116.49,-153.11,4.55,-148.23,39.44,12.8,41.07,1.0
1.0,1.0,-206.51,24.98,7.99,-27.42,4.67,31.79,-231.8,-15.03,1.05,38.75,15.87,20.34,33.78,0.0
3.0,2.0,-39.21,35.16,-89.19,16.36,195.57,95.6,95.26,104.18,-2.17,-111.47,-43.76,-6.87,40.94,1.0
2.0,2.0,62.0,-16.81,70.52,-16.92,-149.32,7.55,117.01,162.34,1.68,113.6,-50.88,17.35,144.65,0.0
2.0,2.0,-23.38,-20.33,-48.97,-4.52,-213.08,8.98,-33.45,262.26,-4.22,154.24,11.57,-6.21,-113.61,2.0
2.0,2.0,-68.44,-52.65,-8.0,55.79,-4.61,42.37,85.64,13.25,1.49,27.61,6.29,4.78,32.9,1.0
1.0,1.0,-131.06,-36.92,71.39,-83.17,-174.38,29.92,-79.8,57.64,0.64,221.02,32.6,-0.18,17.65,2.0
1.0,2.0,-130.93,66.68,-38.21,-13.34,-173.7,75.42,-65.3,-42.02,2.41,224.19,-18.73,0.17,-36.56,2.0
1.0,2.0,-57.57,-96.33,10.02,36.44,-19.26,110.59,-94.03,-50.34,-4.17,156.12,-17.19,19.93,53.15,2.0
1.0,3.0,87.33,8.38,-3.35,5.16,-120.82,122.37,29.11,130.53,-1.8,217.11,-23.38,-11.48,28.74,2.0
1.0,3.0,73.78,35.4,-6.96,-8.63,-110.36,15.04,-89.64,23.78,-0.94,166.1,4.2,-6.51,-128.86,0.0
1.0,3.0,53.53,-68.91,-21.48,39.96,-197.3,4.84,180.66,119.54,-1.72,177.27,-50.41,-19.91,-58.37,0.0
2.0,3.0,3.14,-10.55,10.97,1.0,95.93,54.44,76.51,-103.83,-2.75,42.18,-57.33,10.05,41.61,2.0
1.0,3.0,106.68,9.0,-27.12,-34.8,-64.21,63.81,43.44,-132.36,4.92,69.32,-3.81,3.51,23.77,1.0
2.0,1.0,53.23,79.82,-7.1,3.8,62.3,-12.86,-155.98,218.67,-0.8,-44.12,49.43,6.18,-102.8,2.0
1.0,2.0,-9.58,6.53,54.88,22.51,-163.62,-4.33,172.77,6.24,-4.69,144.9,-11.94,-11.56,48.72,0.0
2.0,2.0,-18.39,-36.34,-17.26,-3.81,-43.4,41.68,87.52,71.27,4.64,87.01,-11.58,4.14,-23.23,1.0
1.0,2.0,30.35,-25.46,-21.45,37.49,76.81,-8.92,2.44,84.34,3.83,-34.24,-19.54,-5.62,-63.46,0.0
2.0,3.0,198.58,87.89,58.0,24.24,22.72,35.67,-7.73,-5.1,-2.46,122.47,-49.7,3.08,-0.61,1.0
1.0,2.0,147.1,-22.61,-79.73,-4.42,-16.64,6.18,-80.32,-18.02,-1.25,-110.5,3.0,14.01,8.0,1.0
2.0,2.0,-55.03,-49.06,-33.84,-44.22,27.65,20.39,89.75,-5.0,1.63,-50.76,-18.76,1.64,50.18,2.0
1.0,2.0,56.9,25.95,38.21,-49.82,-339.94,-62.15,-43.26,-49.5,-0.15,202.3,-50.8,-8.68,25.01,0.0
1.0,2.0,-24.62,-1.26,40.23,-19.04,-63.59,39.18,-76.28,-61.56,3.5,97.66,5.6,0.0,65.96,2.0
0.0,2.0,71.97,-107.49,40.81,-35.77,-13.47,-44.55,-80.28,-158.05,0.15,5.96,28.78,4.63,-37.12,0.0
2.0,1.0,35.77,-47.53,-37.98,-17.4,7.08,26.5,-41.64,-69.74,-1.53,-113.67,27.03,2.37,96.79,2.0
1.0,2.0,197.13,-17.19,-86.55,-12.12,-63.61,23.51,118.92,-123.0,-4.05,-93.36,32.3,4.9,12.53,1.0
3.0,3.0,-104.89,3.15,40.91,-22.18,-144.61,131.24,-130.0,108.64,-7.46,429.98,-40.07,-9.06,-90.75,1.0
1.0,2.0,-127.74,-29.27,24.25,-53.97,-216.38,-44.17,-54.82,146.72,-1.46,206.94,-9.08,22.44,-103.32,2.0
2.0,1.0,-45.55,3.84,6.57,-2.05,67.5,-19.23,-13.29,-6.19,3.75,-56.38,-5.33,-7.44,7.42,1.0
2.0,1.0,-15.24,-7.17,36.57,34.77,45.73,-37.84,139.14,223.37,0.7,2.98,49.32,-5.63,-108.89,2.0
1.0,3.0,38.64,-35.43,-39.16,52.39,60.26,99.52,12.45,-17.67,-5.4,25.47,-13.11,3.94,31.59,2.0
1.0,2.0,13.44,31.92,83.81,-21.37,-133.05,54.81,-32.82,69.41,-2.04,255.97,1.48,10.25,8.46,2.0
2.0,2.0,81.02,-0.29,42.65,-35.87,-308.17,-86.16,-84.01,-86.42,-4.47,170.46,-38.93,12.98,-9.0,2.0
2.0,2.0,16.35,-61.36,9.6,11.2,-108.54,26.4,-9.48,102.78,-1.22,148.16,-15.43,-7.85,-32.96,0.0
1.0,2.0,-26.68,11.09,112.2,8.55,-168.07,20.79,-79.49,120.68,-2.68,242.19,5.42,-2.29,44.95,2.0
1.0,2.0,-41.71,5.85,23.62,-75.79,-84.53,27.26,48.45,41.64,0.11,127.23,-13.68,8.23,11.41,0.0
2.0,2.0,1.09,22.1,-30.6,-16.28,-92.36,-56.46,-94.25,-70.43,-1.75,-15.29,4.09,12.31,-53.35,0.0
1.0,2.0,-84.86,-91.54,-38.55,32.39,-23.19,-13.44,6.71,210.02,-2.27,50.09,-91.15,10.23,-41.68,2.0
0.0,1.0,-39.59,-19.54,-7.72,-16.57,-22.13,55.18,-32.9,-2.54,2.8,37.83,37.12,2.35,22.08,2.0
1.0,0.0,-160.37,64.54,30.23,-3.48,-62.05,-69.69,36.43,-6.02,1.44,-53.36,18.72,16.62,60.47,2.0
1.0,2.0,-102.99,-50.5,-32.55,15.89,91.81,63.66,79.08,132.18,2.21,2.62,-33.86,5.84,18.48,1.0
1.0,2.0,10.96,47.75,-91.09,-93.7,-34.5,33.64,42.97,90.37,-1.99,9.68,-8.93,6.27,-78.49,1.0
2.0,2.0,-34.49,-2.52,-27.31,10.08,49.43,-57.38,-56.16,-19.82,-1.06,-82.11,-41.97,-3.27,-32.39,0.0
2.0,0.0,-105.0,-9.07,36.2,-5.9,-51.91,-60.57,-45.67,98.97,2.92,-37.0,48.33,1.18,10.57,2.0
1.0,1.0,-79.68,63.65,-22.45,-0.25,193.91,-2.11,-94.33,71.52,2.15,-205.91,-12.98,8.52,86.38,1.0
1.0,1.0,54.38,2.28,-15.14,-26.96,105.63,-0.21,65.38,21.64,0.12,-186.56,-22.63,-16.22,143.11,1.0
2.0,3.0,72.73,-17.57,67.58,19.52,-68.58,46.87,121.32,-136.75,-2.5,166.07,-18.13,-7.18,52.88,1.0
1.0,2.0,-49.02,-29.08,32.01,25.89,-63.53,39.6,-23.99,47.61,0.99,185.33,-27.39,7.44,-32.44,1.0
1.0,3.0,134.13,8.59,-5.51,7.15,-102.79,-20.13,4.81,-121.58,-2.19,61.66,-19.2,-17.13,-34.03,1.0
1.0,2.0,-21.53,-3.97,20.86,21.02,-81.52,31.91,-113.91,-24.17,4.27,141.74,4.46,6.24,-24.95,0.0
2.0,2.0,-35.04,-32.93,14.51,4.08,-95.66,17.31,44.95,74.16,1.31,149.87,-22.66,-8.26,-36.24,2.0
2.0,2.0,-140.81,-16.08,-31.77,19.0,-233.63,53.7,-29.69,-261.24,2.43,306.07,13.97,-8.7,-139.87,0.0
1.0,2.0,13.83,29.16,-8.97,10.74,-63.28,-28.51,-129.75,9.82,-1.22,33.19,23.21,-9.26,-82.38,1.0
2.0,3.0,30.27,65.27,-26.5,-22.58,38.55,73.1,109.34,-18.71,2.66,31.94,-35.31,-5.21,40.87,2.0
1.0,1.0,-41.86,-99.28,-23.28,-3.97,-59.08,-9.99,50.65,-79.91,3.88,-0.08,21.59,13.8,-17.33,1.0
1.0,2.0,-60.07,-26.24,-52.46,-34.26,-37.44,-54.3,50.39,-56.33,-2.06,-58.66,-25.72,-6.8,-36.9,0.0
1.0,2.0,-7.62,-34.61,13.46,38.13,66.39,8.51,-72.82,265.17,-2.79,-0.69,-24.06,-8.38,-7.82,0.0
2.0,2.0,117.13,-42.85,-94.94,21.09,-127.16,11.95,100.52,-269.53,-0.11,-25.62,36.48,14.02,-39.83,0.0
1.0,1.0,118.28,35.81,-101.12,-0.09,-108.85,-7.26,140.9,-115.06,0.07,-136.15,59.86,-11.81,12.86,1.0
2.0,2.0,89.26,-1.68,-20.3,79.29,-60.49,-52.8,296.39,-105.32,1.01,10.28,21.21,-10.8,-120.61,0.0
1.0,2.0,-20.15,-80.53,35.72,8.7,-14.76,22.4,-47.18,78.6,3.16,84.18,5.56,-2.26,-4.79,0.0
1.0,2.0,-81.91,43.24,71.5,40.02,-72.7,51.06,57.4,136.41,-2.21,243.4,-3.58,-12.75,-37.52,2.0
1.0,2.0,-87.77,-7.96,28.1,5.8,-56.75,84.47,-74.76,25.8,1.91,213.84,-14.57,-5.17,-8.62,2.0
1.0,2.0,115.18,28.61,-18.8,-12.4,-41.97,-48.9,-82.52,65.5,0.14,18.74,-25.52,-3.96,-104.86,0.0
2.0,2.0,164.25,3.38,-4.25,91.09,109.22,-97.63,1.91,169.79,-1.32,-120.57,-11.65,3.24,-140.09,0.0
0.0,1.0,37.4,39.63,-34.11,3.9,96.4,-23.49,-58.95,171.77,0.62,-94.07,40.34,-9.46,-116.46,2.0
3.0,2.0,55.77,59.28,38.56,-12.3,25.18,-56.36,106.36,65.33,-0.84,-46.0,-7.45,-11.49,0.24,0.0
1.0,2.0,-37.08,13.5,18.46,29.79,-56.02,40.66,64.77,-59.66,-0.97,76.12,-4.03,-8.62,65.0,2.0
1.0,1.0,-91.22,-4.82,-31.24,35.01,-170.92,33.04,-20.07,-13.69,3.0,91.0,49.95,-7.52,-4.25,2.0
3.0,2.0,-87.6,9.91,11.44,-46.4,-48.55,28.83,-18.97,-16.74,1.44,115.72,-90.13,6.26,67.18,2.0
2.0,2.0,141.13,56.57,-16.26,-27.17,-105.57,-57.78,-156.39,-117.7,-1.13,-20.72,-23.55,24.9,-4.57,0.0
2.0,1.0,28.64,-3.42,-96.57,-5.77,-61.8,-15.64,33.9,-53.78,2.22,-199.38,53.82,6.3,66.77,1.0
2.0,2.0,26.09,59.99,32.27,-12.25,125.67,-85.09,39.61,5.07,-3.57,-50.17,-26.99,16.38,-113.79,0.0
1.0,2.0,160.75,8.32,14.32,-8.12,-103.61,-2.07,-103.66,19.17,-0.01,50.56,22.19,-6.03,-7.77,0.0
2.0,3.0,-82.99,17.61,-1.04,9.85,-134.15,172.76,-88.61,-73.36,1.56,303.51,-23.04,2.39,59.24,2.0
1.0,2.0,20.85,68.27,11.69,13.37,-106.7,8.39,83.12,70.49,2.84,141.57,-12.92,-3.11,-55.54,0.0
2.0,1.0,-57.75,-17.21,27.46,4.42,-156.51,12.16,-118.18,93.04,3.98,122.08,3.56,-15.36,41.84,2.0
1.0,2.0,-3.97,50.75,8.31,17.9,-30.36,-28.88,89.49,12.6,-1.02,30.58,2.21,-6.33,-53.76,1.0
1.0,1.0,-101.95,-63.83,18.01,21.46,-194.46,6.2,-198.92,42.18,-0.21,132.36,43.93,-14.46,2.95,2.0
1.0,1.0,-86.28,-48.22,10.72,23.95,78.33,-71.73,-80.6,-2.72,-0.24,-92.13,12.15,-12.04,-51.82,1.0
2.0,3.0,-15.66,-48.91,18.9,2.18,-223.34,37.17,76.92,77.44,-2.51,328.24,-16.45,-0.01,-130.16,1.0
1.0,2.0,71.65,-9.42,-3.07,30.43,-42.59,-9.09,-144.41,-74.87,2.75,-17.9,-8.09,2.51,39.79,1.0
2.0,2.0,81.39,-75.64,2.76,-57.07,153.82,-54.8,85.8,76.03,-2.75,-145.14,-27.12,-14.31,-22.44,0.0
2.0,2.0,-66.5,-9.03,-1.1,-22.95,-87.48,91.4,-88.15,82.83,0.56,215.92,13.09,-0.51,-58.33,0.0
2.0,2.0,-40.93,-14.43,-99.37,6.45,-15.15,15.85,33.84,158.48,-1.26,-13.73,-52.13,1.38,-60.99,2.0
2.0,2.0,89.44,53.81,-65.54,-24.16,-22.06,-21.95,117.26,-20.49,0.76,-59.46,3.45,-10.91,-71.22,1.0
3.0,2.0,115.59,2.33,27.32,-67.91,-148.78,-10.77,-80.59,-75.27,5.57,77.7,-30.22,1.69,69.02,0.0
1.0,2.0,18.66,-31.64,-67.84,13.2,-261.02,-4.72,-125.6,-162.07,-1.78,52.24,-22.16,-24.17,59.17,0.0
1.0,2.0,-100.88,-54.1,44.99,13.69,-7.88,55.72,17.05,81.39,0.01,148.06,15.54,-2.21,-17.31,0.0
2.0,2.0,-140.38,0.01,43.4,-11.59,-215.19,-27.42,29.16,64.78,-0.07,213.66,-52.34,9.24,0.87,2.0
2.0,3.0,-130.5,9.85,-4.83,24.41,68.94,97.73,-31.87,75.16,-3.73,168.9,-38.25,-15.27,-61.76,1.0
1.0,2.0,-58.39,-2.51,39.34,-4.04,-184.34,42.44,-40.79,84.97,4.84,199.54,-27.17,5.47,69.31,0.0
1.0,2.0,81.19,-66.18,-61.9,1.0,-157.51,18.93,89.69,-281.46,2.14,111.33,57.26,-11.24,-140.76,0.0
2.0,2.0,159.65,-5.2,64.89,10.36,-139.07,-154.16,78.68,175.65,-1.54,12.84,-33.82,2.68,-61.68,0.0
2.0,2.0,-20.43,1.77,-59.45,-34.55,211.28,59.58,59.86,78.01,-0.49,-202.7,-29.14,1.57,119.24,1.0
2.0,1.0,51.27,25.13,-43.52,-8.21,-76.08,-23.67,86.58,-73.35,-1.52,-160.04,33.77,10.4,121.95,1.0
2.0,3.0,45.13,-41.02,39.32,49.1,-254.97,92.04,8.51,-68.66,-1.51,279.99,-45.22,19.26,121.73,0.0
3.0,2.0,33.48,-46.13,41.28,-21.49,-144.26,-37.44,1.1,-216.45,0.59,86.56,3.76,11.77,17.4,0.0
1.0,2.0,6.88,43.01,55.5,23.29,-274.61,41.94,-22.12,228.91,1.31,262.13,37.14,-9.26,5.27,2.0
2.0,1.0,36.04,33.37,3.82,-11.54,13.93,-14.18,70.27,109.55,-1.22,-80.33,1.86,0.89,61.53,1.0
1.0,3.0,-106.11,-53.76,-70.46,3.99,67.82,135.7,-115.85,68.96,3.34,175.48,-50.56,5.1,-106.28,1.0
0.0,2.0,66.23,-44.02,-19.39,1.47,27.09,-37.67,7.1,23.11,-0.58,-82.8,-4.93,0.73,-21.05,0.0
2.0,2.0,-41.39,38.83,2.79,20.24,-167.98,-2.98,-159.79,-123.39,-3.2,156.27,10.15,-3.29,-59.53,0.0
2.0,1.0,-60.94,15.51,-11.89,2.31,-68.32,-3.07,165.13,33.4,-3.15,26.72,26.59,10.93,-21.8,2.0
1.0,2.0,-46.09,-81.8,-38.99,17.82,-205.66,14.35,4.95,184.73,-2.94,211.33,-31.7,-6.77,-116.16,2.0
1.0,2.0,-69.89,27.27,84.52,-72.15,,30.53,-21.85,8.87,-2.89,306.44,-12.99,13.38,-60.76,1.0
1.0,2.0,56.07,-49.97,0.93,-41.12,-58.89,-12.96,-24.65,23.39,-1.2,3.56,13.17,-9.89,0.23,1.0
2.0,2.0,-157.15,-26.23,17.38,-20.35,-207.21,20.99,92.82,73.76,-3.14,263.06,-2.27,3.58,-79.61,2.0
1.0,2.0,-67.38,-43.45,1.28,15.55,104.92,2.8,10.5,20.79,0.88,4.6,-53.03,-13.84,-24.7,0.0
2.0,2.0,-38.88,37.33,-51.08,-18.07,51.66,10.8,-35.51,62.28,-0.25,-33.1,-6.05,-15.88,-60.37,1.0
1.0,2.0,43.95,12.28,-29.69,-68.85,20.96,33.42,118.21,62.23,2.23,-30.6,5.78,0.96,13.73,1.0
1.0,3.0,-94.33,1.65,-98.0,25.1,-113.33,-3.14,12.9,198.81,-1.19,114.65,-95.01,8.15,-127.75,1.0
1.0,2.0,-63.89,-41.1,7.19,-23.89,-173.18,71.49,133.86,3.21,1.06,177.55,20.43,6.14,42.01,2.0
2.0,1.0,-15.4,13.89,1.99,41.9,-68.53,-9.77,-44.23,-51.88,-0.61,-88.89,57.16,-6.66,109.93,2.0
3.0,2.0,-19.62,-78.33,66.63,-24.81,-140.18,-29.79,-40.76,-2.62,-0.94,127.84,-75.27,-0.72,93.51,0.0
2.0,2.0,18.5,-25.33,-94.58,-36.49,144.04,69.56,-127.39,88.84,3.85,-144.61,-44.32,10.68,65.6,1.0
2.0,2.0,86.49,59.36,13.97,-43.57,-280.98,23.44,49.48,-130.4,0.92,245.58,36.76,-5.73,-62.97,0.0
1.0,2.0,-193.45,21.57,46.24,-46.09,-251.51,66.93,9.07,35.83,-1.36,392.31,-33.25,6.9,-41.67,2.0
1.0,2.0,78.16,38.6,-47.25,25.81,-128.51,-57.36,-85.29,-114.06,-2.3,-53.55,-26.85,-20.44,19.72,0.0
1.0,2.0,-24.42,-58.75,8.11,30.48,-16.34,48.04,69.25,42.96,0.78,74.91,-25.65,-22.2,41.7,1.0
1.0,2.0,29.83,-31.41,-32.62,16.08,-305.38,3.83,14.28,-206.04,2.48,157.18,-28.92,-2.93,41.65,0.0
1.0,2.0,49.63,-40.85,21.3,29.78,12.42,-15.99,66.98,185.82,2.25,54.44,-0.71,1.16,-93.28,0.0
2.0,3.0,-35.7,-57.81,-117.9,3.65,66.47,60.89,121.97,-50.98,-3.6,-1.37,-39.52,-1.39,-100.81,2.0
2.0,1.0,-106.44,-56.22,-132.13,39.36,-85.9,-19.74,-68.76,-34.21,5.51,-144.67,-44.08,-6.6,68.17,0.0
2.0,2.0,93.91,11.82,-131.02,-6.65,166.79,10.86,116.29,20.56,4.68,-222.38,6.32,5.94,-78.15,2.0
2.0,1.0,-66.62,71.03,22.05,-6.06,-80.46,1.2,-87.88,92.43,0.97,86.8,33.15,-3.91,-34.35,2.0
2.0,2.0,-56.92,78.45,-14.73,4.58,-3.29,86.12,115.54,108.44,1.63,112.41,-38.52,-6.36,23.63,1.0
2.0,2.0,-8.31,10.11,-2.55,64.13,-186.79,41.83,,-179.41,-3.49,116.8,41.45,-0.78,45.04,1.0
1.0,2.0,98.1,40.58,-1.33,13.27,-30.1,-50.81,-6.06,123.75,0.31,-4.02,-30.86,-13.12,-53.36,0.0
1.0,1.0,-172.76,57.04,69.41,-18.35,188.61,21.19,73.86,9.29,0.04,-4.68,-22.59,12.07,52.68,1.0
0.0,3.0,-62.5,8.12,-63.44,-53.05,-47.5,99.12,-40.26,-40.83,3.58,131.65,-15.5,-0.61,-38.49,2.0
2.0,2.0,26.83,-17.68,-22.21,-50.93,-18.87,49.07,77.6,72.41,-2.8,70.38,-11.63,2.73,-25.23,1.0
2.0,2.0,-265.56,-7.49,18.02,75.18,-379.01,65.71,-50.4,-30.39,-2.94,415.3,9.84,-9.03,-41.56,2.0
2.0,2.0,81.64,-63.98,41.37,13.04,3.14,-48.24,36.72,83.31,-0.91,-18.48,0.37,-8.56,-11.5,0.0
2.0,1.0,100.68,-43.6,-50.34,60.1,-5.49,15.67,-2.94,20.05,1.73,-154.26,26.13,18.21,105.66,1.0
1.0,2.0,-66.89,-27.29,77.32,72.45,-84.07,57.11,221.59,-104.93,-0.11,150.88,3.58,4.36,120.39,1.0
1.0,2.0,-81.28,-86.28,-35.33,21.34,217.02,40.14,89.83,97.19,-5.37,-153.54,-26.09,3.3,62.02,1.0
1.0,2.0,27.43,-41.85,19.11,-14.51,3.58,-66.02,69.7,-59.14,-0.48,-6.73,-59.98,-3.89,-17.84,0.0
2.0,1.0,-42.92,-28.61,10.38,-51.83,-58.7,-12.32,67.43,-11.7,3.0,-22.5,17.25,6.22,66.48,1.0
1.0,2.0,2.56,43.15,-27.08,6.48,-22.56,-49.26,-106.43,-32.77,1.96,-24.69,16.2,-5.05,-96.99,1.0
2.0,2.0,107.73,98.16,71.65,-54.35,-148.69,-81.78,79.82,-192.87,0.27,72.78,25.25,15.98,-22.72,0.0
1.0,2.0,38.14,-14.28,-0.96,17.03,81.8,6.37,-67.88,260.1,-0.27,-35.75,-24.48,-1.93,-10.08,0.0
1.0,1.0,-91.64,-17.57,-8.21,1.36,10.56,-8.33,-77.36,30.08,-1.95,-103.1,21.16,3.23,90.54,1.0
2.0,1.0,-18.75,54.13,10.85,25.67,-90.48,10.13,165.04,120.59,0.98,64.18,48.45,-1.32,-24.54,2.0
2.0,2.0,-84.34,34.73,-45.85,68.23,-17.13,26.82,23.0,11.27,-3.79,89.38,-33.14,-10.62,-87.85,2.0
1.0,2.0,51.29,-18.13,13.31,9.75,-34.53,31.69,-61.42,-75.91,-1.18,31.25,4.97,1.47,58.28,1.0
2.0,2.0,29.73,40.38,-35.75,-13.04,15.98,12.85,-39.08,60.25,1.88,-44.44,-33.67,-4.28,32.42,0.0
1.0,2.0,-78.08,-33.37,-29.16,7.0,170.28,61.08,-60.38,63.26,-2.92,-71.88,-30.6,17.07,47.78,1.0
2.0,2.0,91.44,75.38,-10.26,-54.47,47.43,31.65,-36.36,-26.07,1.31,-52.45,-4.13,0.14,57.84,1.0
1.0,2.0,-58.8,77.46,-20.88,-15.12,108.89,89.22,208.38,235.33,-1.51,43.95,-12.15,-1.41,-21.44,0.0
1.0,2.0,21.89,19.58,40.5,-13.14,-20.75,-8.2,207.38,1.02,-0.89,1.7,-8.04,6.17,75.33,1.0
2.0,2.0,87.32,11.75,13.98,15.74,-79.34,-72.68,33.1,-188.44,1.04,30.44,1.99,-3.05,-82.34,0.0
2.0,2.0,51.06,75.9,8.38,72.34,-32.89,-8.34,-47.46,118.04,-0.99,69.22,-10.05,-5.84,-69.21,0.0
1.0,2.0,22.75,-3.26,48.9,-42.36,-98.06,-6.23,-61.97,102.85,-0.55,167.92,13.04,-9.07,-88.66,1.0
2.0,2.0,69.51,-41.36,61.38,26.3,-119.2,36.92,-37.79,-172.62,2.04,113.03,-8.5,3.55,131.23,1.0
0.0,1.0,2.75,-18.36,-63.53,-37.81,184.2,-5.06,-109.53,-8.41,0.78,-222.34,-4.33,-0.51,22.72,1.0
2.0,3.0,16.05,9.17,-35.9,1.06,6.9,63.63,110.78,433.76,2.76,161.85,-27.97,9.26,-169.62,0.0
1.0,1.0,72.38,-51.11,-95.22,-36.05,-72.41,1.76,-10.59,-159.49,-1.49,-160.67,35.58,-3.67,75.5,1.0
2.0,3.0,180.48,8.6,-45.95,-28.86,-85.83,36.93,-24.74,-141.88,0.09,-3.23,-3.42,-8.04,46.36,1.0
2.0,1.0,-31.35,-67.27,-1.3,34.22,32.73,-81.13,41.66,1.0,-1.01,-69.17,25.82,4.95,-103.88,1.0
1.0,2.0,-77.82,-23.77,24.91,10.19,-240.02,40.44,12.95,-101.59,0.45,247.92,-20.49,-14.86,32.17,2.0
1.0,2.0,-8.31,45.03,33.24,13.17,-116.57,22.63,6.18,-45.5,1.35,174.39,-29.13,5.33,0.26,0.0
3.0,2.0,50.56,-9.12,30.81,-0.97,12.9,56.04,161.93,-93.12,2.2,48.61,66.62,-0.43,5.7,2.0
0.0,2.0,-16.74,83.56,-25.14,9.72,96.59,64.38,159.81,56.11,-2.08,-16.38,-26.65,-6.12,36.39,1.0
1.0,2.0,17.29,7.22,-4.94,64.09,-98.14,-8.15,-3.49,-4.02,-1.35,58.01,-13.71,-1.07,-4.14,0.0
1.0,1.0,-98.55,-50.13,20.44,48.96,-0.5,-25.72,141.49,-108.54,-2.48,-38.89,17.28,-14.23,46.82,2.0
1.0,2.0,63.42,-15.87,-71.22,-14.93,-3.81,24.26,3.66,-45.61,-0.92,-105.95,27.38,3.71,28.27,1.0
2.0,1.0,-125.55,-27.81,67.99,-1.28,11.1,-22.32,-115.41,74.87,-1.91,26.28,-9.21,17.57,59.01,1.0
2.0,2.0,58.51,67.16,-119.59,-1.54,-9.37,-53.8,133.76,-226.29,3.62,-150.48,27.44,-5.75,-118.09,2.0
2.0,2.0,71.96,-9.33,-88.87,-9.69,38.11,-126.79,-58.96,-252.49,,-190.97,-39.95,6.13,-113.27,0.0
1.0,2.0,-23.78,11.08,-66.98,-33.04,-281.82,66.72,-186.63,-109.38,-0.59,162.63,9.79,-11.46,29.96,0.0
1.0,2.0,-117.54,17.95,0.66,-50.28,157.23,92.83,99.89,154.85,-0.27,-0.61,-39.08,2.42,81.92,1.0
1.0,2.0,129.17,36.59,116.54,2.71,-81.24,-51.5,2.3,107.79,1.1,90.02,-11.15,20.7,43.21,0.0
1.0,2.0,-16.75,28.33,39.44,-72.21,32.54,14.17,-1.21,-13.04,2.86,72.58,-6.34,-11.23,-21.1,2.0
1.0,2.0,67.21,-2.98,-0.43,-0.52,-60.92,61.29,73.51,-76.98,-2.98,43.07,6.54,23.74,89.92,1.0
1.0,2.0,-59.81,50.14,-23.34,-28.47,-77.08,78.54,-38.25,-50.41,0.24,109.41,2.22,8.29,30.94,2.0
2.0,3.0,53.42,29.21,44.26,25.11,-34.74,50.9,-65.79,-58.5,0.86,147.34,-9.22,1.05,5.01,1.0
0.0,1.0,2.97,78.01,-10.91,-4.92,-105.8,-2.31,-138.23,-66.45,-1.24,-11.44,31.06,11.08,54.86,1.0
2.0,2.0,-10.96,-48.34,63.94,-11.46,35.04,44.31,-123.7,59.46,-0.25,104.53,-22.64,-6.23,41.45,1.0
1.0,1.0,74.74,41.47,-130.6,-25.54,-18.8,-41.62,26.93,-98.19,-2.02,-217.01,13.57,0.1,-15.24,0.0
2.0,0.0,-180.88,34.7,130.7,8.46,-3.86,-57.04,146.76,49.09,0.22,-18.36,-6.25,5.51,185.24,1.0
2.0,1.0,24.47,15.48,-16.51,29.88,50.5,-55.61,-12.7,-46.64,0.08,-131.98,13.92,8.67,-10.99,1.0
2.0,2.0,54.83,85.91,-0.87,4.91,-49.39,-28.94,-24.64,46.69,-1.86,63.82,-15.83,-9.81,-90.75,0.0
2.0,2.0,-64.23,112.38,-48.38,29.74,57.68,54.53,-73.22,78.7,0.19,31.18,-28.87,2.19,-41.93,1.0
1.0,2.0,-30.36,-25.25,18.53,-12.91,248.2,-12.61,111.85,71.65,-0.71,-94.5,-75.93,-13.98,0.26,2.0
2.0,2.0,165.21,36.51,51.46,1.53,-124.54,-126.66,254.79,-170.71,-2.8,-25.22,-0.6,6.86,-12.25,0.0
2.0,1.0,12.89,-78.35,44.25,-32.99,130.68,29.24,138.74,-102.37,0.77,-140.38,50.26,-2.2,154.42,2.0
1.0,2.0,162.86,11.92,44.2,-13.1,52.03,-122.46,-25.84,-67.7,-3.04,-112.27,20.78,-20.58,-81.33,0.0
2.0,2.0,-25.22,14.03,0.64,5.92,-347.04,18.97,93.46,129.76,-0.16,295.75,52.52,-2.0,-116.8,2.0
2.0,2.0,63.96,-5.27,-83.64,-11.24,182.57,64.58,-120.54,-22.82,-1.78,-133.01,0.23,10.63,-19.5,2.0
1.0,2.0,63.83,-16.48,-118.77,-10.13,245.12,91.09,42.61,72.22,0.56,-242.58,-40.66,-1.63,94.91,1.0
1.0,2.0,37.31,48.18,10.02,25.73,-7.32,36.24,-222.38,-15.75,0.91,87.47,-2.71,18.69,-30.7,1.0
1.0,2.0,-14.31,-72.65,4.57,0.4,40.41,88.51,-119.04,100.76,-0.69,78.33,-45.29,24.14,69.08,1.0
1.0,2.0,36.54,-59.97,72.6,45.32,-115.05,54.89,-27.83,79.29,-1.82,228.51,30.95,0.94,-24.44,2.0
1.0,2.0,-14.85,49.01,24.28,15.1,-116.74,4.9,129.8,36.1,-1.49,115.26,-24.1,1.59,22.99,0.0
2.0,2.0,5.51,-5.04,-78.91,25.12,125.48,119.3,-8.03,138.9,-0.59,-86.56,-59.96,-15.12,134.98,1.0
1.0,1.0,-112.59,36.01,10.51,-14.62,-176.49,-17.57,-63.69,164.08,1.26,187.6,23.04,-1.99,-124.96,2.0
1.0,2.0,-102.86,-15.88,47.62,-25.24,6.71,55.08,2.69,38.03,0.17,155.66,29.39,-6.63,-47.8,0.0
2.0,2.0,-2.09,-21.44,-63.98,-38.91,60.21,7.31,-73.27,54.57,1.05,-65.54,17.21,-1.93,-82.63,1.0
1.0,2.0,179.18,33.54,23.25,5.97,-167.6,-150.07,-98.38,-245.37,0.48,-37.39,-25.61,-7.81,-21.39,0.0
2.0,1.0,16.13,29.25,-32.72,-58.1,-106.52,-17.9,-128.34,95.48,-0.54,-6.53,26.3,6.94,-23.32,2.0
1.0,2.0,-3.41,52.41,12.88,20.98,-78.56,-0.86,-12.47,-53.32,3.46,119.44,-1.61,-1.53,-64.85,0.0
2.0,2.0,-89.36,-67.41,-30.6,29.89,61.47,103.56,-18.62,204.33,2.09,97.68,-20.47,-19.81,-27.78,0.0
2.0,2.0,-30.29,26.22,-5.02,-28.96,-87.37,136.58,-233.18,-195.01,-1.51,101.67,-6.8,1.96,197.6,2.0
2.0,2.0,-39.55,17.4,-35.99,14.1,158.84,91.99,39.62,395.46,2.42,57.67,-11.27,-7.63,-117.41,0.0
1.0,2.0,67.64,-49.9,-79.73,42.29,-5.83,-34.64,70.61,-110.98,-1.81,-98.56,-12.15,-18.5,-55.2,0.0
1.0,2.0,-3.42,-54.29,35.15,30.98,-91.52,-29.12,19.84,57.22,-0.2,27.86,-40.44,-7.43,89.22,0.0
1.0,1.0,-116.9,-12.94,5.12,25.28,-48.67,34.12,-142.96,57.7,-3.17,-35.25,39.12,15.23,133.84,1.0
2.0,1.0,-18.29,31.99,118.01,52.55,95.54,-31.83,42.83,150.07,-1.75,-32.15,38.23,0.1,62.12,0.0
1.0,2.0,-82.06,-3.02,70.88,19.47,-110.89,63.29,-50.49,81.08,-0.07,235.44,8.06,-11.98,17.88,2.0
1.0,2.0,-27.02,57.34,14.83,-7.31,40.9,13.5,-8.94,151.82,-2.43,39.97,-61.74,-5.18,20.08,2.0
1.0,2.0,1.09,26.22,26.13,-67.41,-66.78,-0.11,42.19,-53.78,-0.27,104.28,6.39,20.07,-39.63,0.0
2.0,2.0,28.87,-82.06,-54.9,36.04,-52.9,-24.5,72.51,-18.01,4.42,-74.43,-12.93,8.74,15.72,0.0
1.0,2.0,37.97,42.21,-1.19,7.45,11.82,41.77,29.13,57.11,0.62,-10.25,-0.62,22.79,66.39,1.0
2.0,1.0,173.29,15.67,-172.38,7.68,-7.52,-21.45,-117.92,-55.07,0.89,-287.69,45.73,13.66,-19.38,1.0
2.0,2.0,26.53,49.88,25.08,14.94,-13.28,-33.48,-52.94,244.44,4.72,-4.27,-42.22,-10.53,25.11,0.0
1.0,2.0,7.43,41.84,-9.8,-19.59,-52.8,-39.72,24.51,-66.13,4.9,-14.02,7.46,-2.13,-28.3,1.0
1.0,1.0,79.45,22.48,-61.3,31.4,-56.81,-2.35,42.26,-100.59,-1.01,-136.19,37.84,-15.59,73.7,1.0
2.0,3.0,-204.88,131.97,1.82,9.69,-247.51,117.68,7.59,-79.62,0.45,392.85,-44.21,9.0,-12.18,2.0
3.0,2.0,13.83,20.36,-15.72,32.77,338.66,39.99,-42.62,294.16,-1.94,-169.78,14.05,6.03,-56.36,0.0
2.0,3.0,-35.42,59.36,10.84,10.93,-180.15,65.64,14.35,-42.62,-1.35,259.71,-54.16,-22.13,9.48,2.0
2.0,2.0,49.94,39.04,-102.95,38.59,57.02,-11.69,32.75,101.39,1.69,-150.06,9.79,19.61,-72.45,1.0
1.0,1.0,-57.46,-10.85,33.21,20.8,-163.49,-63.35,-14.53,203.5,-1.02,72.91,64.19,-0.91,-79.9,2.0
1.0,2.0,-179.29,-80.81,8.59,-15.63,74.43,7.64,-153.6,53.51,-3.88,112.28,-4.43,12.0,-153.35,1.0
1.0,1.0,-26.15,-35.71,47.69,-12.75,-94.52,-2.85,-35.24,164.31,-1.4,115.72,27.07,-7.11,-28.47,2.0
2.0,2.0,-172.57,-2.7,5.92,-16.74,-186.84,27.11,140.28,53.47,1.67,294.25,-43.61,-11.72,-101.16,2.0
2.0,2.0,-42.5,6.4,0.59,29.35,-73.43,15.34,-44.71,127.87,2.01,74.74,-14.82,18.97,6.81,2.0
1.0,2.0,-99.12,-61.0,32.71,1.0,12.3,2.11,115.93,-182.38,2.44,43.03,-49.23,0.17,70.43,2.0
2.0,2.0,-56.98,-71.23,-25.33,-27.01,-176.6,-20.1,-249.83,207.24,2.29,135.65,7.07,1.88,-117.64,2.0
2.0,2.0,0.59,-27.68,-41.92,42.24,-68.11,57.5,-63.13,58.69,-1.36,33.79,2.76,5.15,37.06,2.0
2.0,2.0,-34.6,37.82,-4.75,11.55,-161.77,-5.92,20.9,61.24,1.28,235.86,9.19,6.77,-199.89,1.0
2.0,2.0,-37.75,2.88,-19.82,6.72,-24.8,-20.24,-225.03,14.64,-1.17,-38.72,-32.36,-15.66,41.25,0.0
1.0,2.0,17.18,-29.53,-12.9,5.34,-158.12,105.73,-88.16,-4.88,-0.55,186.68,16.02,5.04,34.6,0.0
1.0,2.0,-131.66,16.52,-13.19,-35.24,-126.53,29.82,21.75,71.96,-2.52,228.58,-27.12,-7.36,-118.84,2.0
2.0,2.0,9.0,-34.96,58.07,-14.22,-212.09,71.72,92.83,28.87,-0.66,293.61,-3.93,6.83,20.87,2.0
2.0,2.0,1.78,-22.05,-32.18,22.45,38.49,24.83,106.56,80.89,0.78,-35.62,-13.38,14.77,11.38,1.0
2.0,2.0,114.62,-66.19,45.59,34.27,-79.47,-118.79,114.33,105.39,-2.06,-40.35,-37.78,-12.17,2.96,0.0
3.0,1.0,-55.3,-24.29,59.29,-20.55,31.71,5.43,-72.51,-59.86,-0.85,4.85,15.45,11.3,75.03,0.0
2.0,2.0,131.17,-31.55,-52.8,-10.77,-67.32,10.52,-59.96,-103.43,-4.8,-37.33,-10.3,9.83,30.03,0.0
1.0,1.0,21.39,-16.42,-23.52,13.04,49.62,-5.08,-90.06,153.03,-1.41,-52.35,53.74,-13.38,-90.63,2.0
1.0,2.0,107.06,-1.67,-6.46,54.1,-7.32,-69.75,-163.3,-22.93,-3.27,-83.01,-32.37,-0.22,-1.71,0.0
1.0,3.0,70.0,-27.38,62.94,13.31,48.87,121.26,114.65,-115.51,1.46,128.95,-30.36,13.15,136.9,2.0
1.0,2.0,-132.82,0.1,6.82,-6.32,-29.72,41.97,-35.22,86.99,-2.09,181.99,-26.58,-1.92,-85.47,1.0
1.0,2.0,-85.09,36.58,-18.42,-30.54,-242.75,7.67,88.96,130.75,-1.47,191.08,-15.54,8.76,-40.66,2.0
2.0,2.0,22.04,1.64,3.35,23.98,29.89,1.93,-36.85,86.03,1.05,-5.74,-29.95,-19.09,13.01,0.0
1.0,2.0,-71.94,6.2,27.63,-10.69,-55.87,6.1,-91.64,35.96,2.96,68.9,-27.19,-1.45,52.77,2.0
0.0,2.0,-164.95,74.8,5.36,17.99,180.07,122.45,76.01,88.8,4.25,68.23,-43.99,-9.58,48.5,1.0
2.0,2.0,-50.74,-7.39,-37.86,33.75,-84.05,60.75,151.49,-64.03,-0.47,81.48,-11.63,-1.16,30.97,2.0
1.0,3.0,7.74,-45.86,-47.98,36.66,-59.82,39.89,-7.71,28.83,0.91,116.97,-21.56,8.11,-96.56,2.0
2.0,2.0,-9.25,-34.67,-0.34,-17.08,0.65,35.51,-231.97,8.08,-3.93,76.27,-24.05,-0.78,-13.61,1.0
3.0,1.0,-100.65,9.34,-29.6,16.45,-101.37,-46.12,-63.48,62.74,2.56,50.39,-0.1,-5.39,-99.41,2.0
2.0,2.0,53.6,20.43,-11.68,-43.31,-11.61,79.33,-24.47,-72.8,0.38,29.57,10.14,-13.63,76.41,0.0
2.0,2.0,93.64,-29.22,20.41,-18.51,-21.82,50.01,-4.95,45.69,1.08,92.81,2.13,-6.0,-1.03,0.0
2.0,2.0,-55.84,-57.47,21.1,27.52,182.45,37.67,25.67,212.78,-0.28,7.39,1.72,-10.18,-68.68,0.0
2.0,2.0,-84.13,74.56,101.67,-18.5,122.67,-20.72,33.85,-53.89,2.22,-13.62,-51.98,1.42,121.61,2.0
1.0,1.0,-121.06,-35.3,-6.51,15.61,-111.88,-47.34,112.78,-37.58,-3.09,21.54,30.14,7.91,-36.11,1.0
2.0,2.0,-89.09,-26.15,-110.94,-4.74,140.93,12.58,102.13,-5.74,-2.9,-125.81,21.16,-9.41,-129.52,0.0
2.0,2.0,98.71,-19.49,-51.88,3.87,-51.59,35.88,144.5,-87.1,4.04,-50.14,26.32,-14.42,46.9,1.0
2.0,2.0,-123.93,13.85,2.3,-39.27,88.56,-19.28,16.7,-10.12,1.17,50.24,-0.11,-16.7,-151.62,1.0
1.0,2.0,-93.4,-20.82,-17.82,-7.54,-193.03,11.78,56.28,82.68,1.43,198.13,-16.55,-5.34,-79.14,2.0
0.0,1.0,-26.07,-32.66,87.64,2.79,-76.35,-46.55,47.13,13.13,-0.6,55.72,-1.11,-7.62,64.78,0.0
2.0,2.0,6.96,5.03,22.75,22.88,-224.94,-7.78,7.82,204.51,0.71,166.75,-64.8,-9.43,50.59,0.0
2.0,2.0,-13.09,-46.52,53.06,3.51,-172.56,58.25,-130.0,-144.69,-3.9,186.7,50.15,10.28,54.76,2.0
2.0,2.0,101.08,26.41,-3.65,-16.95,42.15,-32.9,45.47,210.13,-1.43,0.3,-11.4,10.66,-119.05,2.0
1.0,2.0,-35.02,62.99,29.98,11.83,-219.31,57.89,-59.83,-73.3,-4.73,240.78,10.91,4.88,22.47,0.0
2.0,1.0,-50.51,-35.1,-16.06,-24.14,154.22,-37.28,43.2,49.74,2.99,-220.86,8.26,2.98,63.61,2.0
1.0,3.0,90.78,-66.05,10.61,9.86,-109.17,39.41,-185.01,-180.27,-1.08,168.74,-3.05,20.98,-43.01,1.0
1.0,2.0,52.42,16.71,47.65,-3.27,-200.88,32.52,-47.43,8.25,-0.68,215.27,16.57,0.76,0.61,0.0
2.0,2.0,-6.76,7.39,-76.27,1.13,69.01,37.63,-18.64,-46.43,-4.94,-48.5,-27.61,15.59,-27.35,2.0
1.0,2.0,22.12,85.15,-8.3,-51.72,-64.79,23.4,-159.58,10.07,-1.95,95.21,-21.26,0.4,-25.89,1.0
2.0,2.0,-121.36,27.72,-42.4,14.13,113.65,68.2,-54.16,116.18,0.5,28.24,-35.73,5.35,-37.26,1.0
1.0,1.0,75.3,55.24,20.23,-19.13,65.55,-83.57,-37.99,91.64,-0.27,-161.26,-49.53,-24.22,76.95,0.0
2.0,1.0,-12.37,31.55,29.99,5.9,25.43,-52.46,66.41,110.32,1.45,-26.39,-6.72,11.21,-25.92,2.0
1.0,1.0,-14.09,-69.55,-82.76,-35.69,-76.61,-154.78,-14.17,-187.14,-1.76,-203.89,-31.38,-7.5,-35.03,0.0
1.0,2.0,4.3,43.97,-38.01,-0.12,124.21,-68.67,121.49,-5.27,-1.1,-159.66,-6.86,-11.82,-75.62,0.0
1.0,2.0,81.38,-62.12,-53.64,-9.18,-88.55,6.33,-16.14,-47.77,-0.98,-34.4,-0.4,-12.07,30.29,0.0
2.0,2.0,-18.1,-6.18,-80.09,35.6,73.27,43.11,-26.75,71.09,3.42,-62.53,-25.82,-2.0,-16.25,1.0
1.0,2.0,219.52,0.81,-16.16,18.97,-62.98,-129.79,92.63,38.93,-2.51,-61.09,-36.35,4.59,-124.55,0.0
1.0,2.0,43.45,32.86,17.65,42.75,24.76,-6.77,70.94,-25.6,2.24,32.35,20.11,12.05,-72.16,2.0
2.0,1.0,21.64,-22.99,-27.3,13.73,47.32,-29.37,-5.57,7.74,0.12,-171.25,53.21,-1.75,28.72,2.0
1.0,0.0,75.74,12.24,-13.57,2.61,24.78,-85.38,143.88,11.73,4.01,-299.33,81.91,-0.41,103.56,2.0
2.0,3.0,5.54,6.28,-58.54,37.6,-115.34,68.31,-46.85,62.54,-2.61,176.72,-28.0,-9.51,-90.9,1.0
1.0,1.0,6.19,-20.99,-10.79,-66.87,156.55,65.17,32.01,-152.76,-4.04,-198.23,31.57,2.85,201.21,2.0
1.0,2.0,-111.78,34.16,16.89,4.87,-187.39,-84.64,53.62,430.03,-3.83,172.16,-38.77,9.91,-155.78,2.0
2.0,1.0,17.89,51.72,-52.91,1.23,16.31,-21.98,15.39,138.05,1.2,-87.59,62.34,-8.75,-103.2,2.0
2.0,2.0,-170.23,-46.71,-5.19,18.03,-39.59,10.45,-108.68,125.01,2.66,194.61,-2.05,-9.2,-191.57,1.0
2.0,2.0,-17.87,-60.81,-14.1,54.39,7.48,17.89,35.97,46.49,-3.97,40.37,-6.73,-10.56,-45.44,1.0
2.0,3.0,-46.33,-10.83,-17.17,-19.5,110.94,122.93,-5.21,59.62,-2.74,34.45,-50.16,-7.41,103.09,1.0
1.0,3.0,18.58,32.59,-67.78,4.25,-50.19,77.4,88.53,44.22,3.69,144.77,-27.63,5.45,-105.75,1.0
1.0,1.0,68.69,-46.18,-40.65,6.16,70.14,-18.15,34.28,-39.1,4.07,-219.23,31.68,-12.27,86.71,2.0
1.0,2.0,-87.34,-10.88,12.53,-3.84,87.9,-7.61,103.31,71.38,-0.5,-44.43,-83.09,3.15,87.03,2.0
1.0,2.0,-22.41,-47.55,-16.39,-73.06,3.76,16.41,36.04,80.97,-1.38,-4.49,-10.09,12.37,12.82,2.0
1.0,2.0,-69.82,68.48,17.93,12.69,-109.55,75.53,162.4,23.73,1.56,198.35,-6.46,-6.1,12.75,2.0
2.0,2.0,66.8,33.01,52.97,-5.41,-245.62,-31.19,-66.17,-97.16,3.04,187.51,-3.91,-2.67,-3.03,0.0
2.0,2.0,-41.1,59.75,-21.99,22.99,-142.66,54.73,-127.39,-48.34,-4.27,141.56,0.82,5.65,2.95,0.0
2.0,2.0,55.73,40.1,47.82,15.97,-44.04,108.73,-1.1,-101.78,-6.06,70.67,42.19,-6.35,172.9,1.0
2.0,2.0,-137.77,-39.36,-16.9,9.44,-134.81,69.24,51.99,-63.04,2.29,189.65,-9.85,-5.07,-5.11,2.0
1.0,2.0,-82.36,-58.86,35.79,6.86,-192.53,45.39,-7.62,78.26,0.91,226.88,14.21,0.47,1.13,2.0
2.0,2.0,-25.11,7.63,-17.51,-2.7,40.21,-38.87,-85.9,12.53,0.58,-56.93,-15.04,-9.53,-39.29,0.0
2.0,2.0,-31.8,4.98,126.87,34.03,-71.41,54.23,-75.58,-121.74,1.9,193.97,-16.6,-6.32,148.45,2.0
1.0,2.0,123.89,22.73,-105.74,-39.13,-158.6,47.44,51.37,-252.14,-2.62,5.41,36.76,5.74,-12.06,1.0
1.0,1.0,-66.54,39.09,42.31,-2.48,92.56,20.27,66.61,-75.19,3.98,-51.6,-30.7,-18.17,144.86,2.0
1.0,2.0,35.69,31.61,28.16,39.64,163.2,46.55,-13.74,78.5,-3.97,-80.47,-37.73,9.06,125.63,2.0
2.0,2.0,-98.7,-46.5,-46.9,-20.15,61.55,-9.29,-10.76,67.21,-3.65,-31.21,-91.63,-15.56,-2.31,2.0
1.0,2.0,238.05,-9.0,-70.57,-12.38,-21.48,-52.49,-48.09,-151.94,-2.34,-161.65,-12.94,-9.04,0.94,0.0
2.0,2.0,-105.11,33.22,1.16,56.33,46.44,133.08,-81.47,206.28,-0.21,152.94,7.63,4.8,-7.39,0.0
2.0,2.0,-23.12,-7.36,-62.81,23.82,81.61,-3.57,-19.49,57.8,-4.49,-68.19,15.6,-13.38,-109.84,2.0
1.0,1.0,-36.73,-20.82,60.31,11.56,-89.6,41.15,-72.17,-98.07,1.01,103.11,19.76,4.09,108.84,2.0
2.0,2.0,-183.42,-8.14,63.3,16.34,-189.12,48.26,-13.83,33.18,2.0,335.54,-31.77,-15.36,-26.74,2.0
0.0,2.0,21.35,34.25,40.15,25.26,-73.03,29.81,-13.38,-23.65,3.84,170.64,11.18,11.11,-55.17,0.0
1.0,2.0,93.91,-26.04,-78.67,13.9,-107.89,21.89,-34.64,74.71,-4.36,41.44,-2.59,-8.84,-76.4,1.0
2.0,1.0,-53.7,79.56,27.9,38.95,-59.82,49.62,62.24,-6.81,-5.56,72.03,12.43,-12.53,88.57,1.0
1.0,2.0,199.36,-24.39,-34.3,-27.43,-63.57,-14.81,37.83,-51.17,2.52,-88.77,-0.91,-8.43,57.82,1.0
1.0,1.0,-32.82,20.42,-29.0,-50.7,-83.6,-7.85,-185.87,165.67,-6.95,9.73,23.69,7.31,-33.72,2.0
2.0,1.0,-67.68,-4.19,76.44,36.91,25.71,38.42,69.65,125.47,-1.1,94.18,29.02,15.21,26.76,0.0
3.0,2.0,-105.87,32.08,-62.78,8.73,62.89,-68.87,-77.37,-183.78,-5.98,-69.43,-5.35,9.79,-158.1,0.0
2.0,2.0,-88.25,9.3,-87.78,-7.03,309.19,58.59,-104.53,126.63,-0.65,-228.45,-21.75,1.48,19.49,1.0
2.0,1.0,-76.54,-41.55,5.57,-4.83,97.8,-41.65,-67.28,5.03,-1.13,-84.24,15.21,14.43,-39.75,1.0
1.0,2.0,-109.85,12.98,19.52,35.22,-82.23,-17.88,-19.05,65.48,-0.52,118.68,-11.51,12.93,-58.67,2.0
2.0,2.0,99.83,11.77,-33.98,31.67,-11.54,-39.39,-48.91,148.81,-1.79,-52.37,-57.71,-9.65,-15.37,0.0
2.0,2.0,8.29,-6.17,-17.91,34.59,77.74,-53.32,68.06,-9.51,-2.28,-84.34,6.86,1.01,-88.23,0.0
2.0,1.0,-135.45,-37.3,-32.87,49.06,125.03,-31.79,54.58,23.96,-1.4,-106.19,-9.91,1.11,-48.29,1.0
2.0,2.0,38.87,-25.64,25.01,3.29,53.71,-52.42,-96.78,-68.86,0.32,-69.18,0.84,20.06,-7.52,0.0
1.0,2.0,-74.52,-4.61,-49.87,-7.35,-64.89,6.82,-130.98,129.29,-2.23,93.66,21.43,3.56,-159.61,2.0
1.0,2.0,127.98,-0.77,36.36,27.06,-19.12,10.28,-119.6,51.49,-3.21,48.86,-26.37,4.79,35.1,0.0
2.0,1.0,-9.23,-21.18,-25.58,62.09,248.78,12.6,55.18,23.5,-3.3,-253.29,-4.48,5.46,105.21,1.0
2.0,1.0,2.9,-13.62,-122.99,18.39,-30.43,10.92,89.31,-25.72,5.16,-166.23,66.32,8.09,-12.79,1.0
2.0,2.0,-9.98,-49.79,4.91,-7.46,-47.38,26.59,-81.98,54.43,-2.0,101.72,-7.02,16.19,-32.99,1.0
2.0,3.0,48.29,-23.17,-16.82,-54.32,11.14,15.36,-125.99,208.54,-4.4,87.39,-10.09,-5.49,-137.45,0.0
1.0,1.0,-120.13,19.96,-41.99,2.48,-149.43,-6.13,105.97,12.45,3.62,59.68,-20.63,-6.04,6.51,2.0
2.0,1.0,-100.6,39.38,-38.39,0.59,-136.58,-36.97,-102.43,14.64,1.58,10.25,38.0,-1.53,-51.01,2.0
2.0,2.0,128.4,-55.35,-57.44,21.93,-249.93,23.43,13.4,-75.97,0.16,13.61,-57.75,-4.7,181.82,0.0
1.0,3.0,13.02,38.19,53.42,5.09,-122.07,90.61,-46.05,-175.37,-5.74,249.94,-19.47,-1.45,54.46,1.0
2.0,2.0,-12.67,-35.5,-25.37,-20.03,67.58,29.17,-46.81,49.7,1.14,-12.48,-13.48,7.02,-20.51,1.0
2.0,2.0,32.59,-7.43,33.39,-22.01,-36.65,-37.57,-62.19,-188.75,-4.72,74.8,32.01,18.29,-103.82,0.0
2.0,2.0,27.98,-40.84,19.34,-23.6,-93.85,-68.52,-240.83,-6.49,-1.65,-19.24,-44.04,-13.86,58.88,0.0
1.0,2.0,5.04,-54.24,11.49,41.26,-0.78,-2.1,19.84,19.27,2.22,9.27,-9.59,-8.12,12.28,1.0
2.0,1.0,35.74,-14.22,-111.89,-40.88,-9.16,-34.05,35.93,88.78,-1.34,-266.8,49.22,-3.73,46.87,1.0
2.0,1.0,-134.9,-18.64,-50.77,-6.37,-103.41,0.18,-36.25,-20.59,-1.34,-11.03,51.62,12.55,-12.86,1.0
3.0,2.0,-71.58,11.4,3.93,50.9,-59.19,36.87,-85.99,97.11,3.87,172.38,-17.86,5.53,-81.2,2.0
2.0,2.0,17.73,-14.51,-22.97,11.09,-135.73,-68.53,-62.6,-146.77,-2.79,3.95,-23.97,2.01,-19.29,0.0
1.0,2.0,-74.14,90.4,-51.37,3.09,-23.74,-8.82,125.39,61.23,3.59,-33.16,-20.1,1.97,-10.43,2.0
1.0,2.0,-38.37,-6.44,40.76,2.16,18.86,40.07,-29.67,152.37,-2.64,70.09,4.73,11.49,24.49,0.0
0.0,2.0,2.57,-10.56,15.84,-51.88,-98.01,-31.36,-39.17,-7.68,-1.44,146.61,18.48,-7.87,-157.55,1.0
2.0,1.0,40.43,16.14,-11.6,-36.53,51.08,9.05,-12.21,82.39,-5.02,-84.54,51.57,4.05,-0.28,1.0
1.0,2.0,-22.89,52.47,-48.36,72.17,-235.04,17.4,169.6,-141.1,-0.43,130.16,9.85,-9.59,-20.91,0.0
1.0,2.0,-81.29,15.15,-17.48,-27.9,67.35,5.64,-95.87,51.6,-2.53,-23.56,-94.8,-12.46,61.03,2.0
2.0,2.0,12.33,-40.74,-44.5,-18.23,74.08,-10.89,256.99,182.86,-2.67,-51.55,48.05,-0.59,-153.63,2.0
1.0,2.0,-37.46,-7.98,-34.28,20.64,127.73,27.93,111.17,25.82,1.66,-125.13,-27.78,20.79,79.92,1.0
2.0,2.0,-71.03,-46.18,-72.97,27.15,-4.99,-36.14,-98.61,-121.8,-1.91,-66.59,-18.75,22.99,-58.78,0.0
1.0,2.0,-57.88,-31.79,66.08,33.29,-121.87,29.54,-45.64,-80.01,-0.99,162.05,-0.51,1.25,70.98,2.0
1.0,3.0,18.06,64.5,13.3,-12.08,-86.58,92.68,-41.15,-123.75,1.19,205.79,-26.97,-19.36,20.84,2.0
3.0,3.0,41.46,128.3,36.45,17.56,-50.79,81.32,-231.87,87.75,-1.56,187.88,-35.25,11.46,25.46,2.0
2.0,1.0,-40.47,16.2,-54.91,-25.38,-98.15,32.67,-71.59,-87.92,-3.36,-80.37,72.66,-14.49,91.84,1.0
2.0,3.0,122.71,-4.66,-12.06,-8.29,-232.13,77.34,-61.37,-12.92,0.17,131.75,-29.73,-2.13,152.01,0.0
1.0,1.0,21.93,-79.25,-41.9,5.09,56.67,-49.18,-47.4,142.05,-1.81,-115.73,35.14,-10.52,-102.86,2.0
1.0,3.0,-169.63,-35.89,-22.96,-24.17,55.16,106.43,79.09,101.7,1.18,186.82,-45.33,8.51,-77.28,1.0
2.0,2.0,166.7,-39.23,-1.68,-16.09,-79.68,63.22,45.04,31.11,0.52,71.11,13.98,-2.59,39.42,1.0
2.0,2.0,-20.67,-25.79,-45.92,9.66,-13.57,88.37,-94.24,-77.42,-0.72,28.76,10.66,-3.69,48.35,2.0
1.0,3.0,-7.97,120.83,-26.58,21.69,-29.13,99.17,45.77,-20.3,-2.68,114.29,-20.5,1.52,27.16,2.0
1.0,1.0,-23.76,-32.71,25.9,16.93,8.6,22.44,-14.56,115.96,-0.56,-32.99,10.78,-4.42,106.73,1.0
2.0,1.0,-45.72,9.68,81.18,-48.87,-16.4,5.58,59.15,127.88,-6.16,104.09,21.5,4.58,3.61,2.0
3.0,2.0,-62.89,-15.07,-51.88,-30.83,148.78,8.62,-105.17,-1.51,-2.86,-163.4,-60.17,-4.57,87.15,2.0
1.0,2.0,33.08,-14.07,-95.01,16.91,43.11,-17.91,-17.07,40.95,2.55,-127.62,3.74,11.3,-75.01,1.0
1.0,2.0,20.13,7.23,-53.49,13.78,-28.57,17.5,21.22,86.47,2.48,-0.68,13.27,-10.21,-57.8,2.0
2.0,2.0,-115.3,-26.22,-67.58,17.15,-155.72,-26.16,9.83,132.27,2.51,123.62,16.01,-8.49,-198.12,2.0
2.0,2.0,24.25,-68.49,-42.48,-56.43,-20.17,-57.62,49.56,-143.37,-2.42,-30.12,-13.12,-12.36,-100.07,0.0
1.0,2.0,81.17,-51.19,-34.78,-30.27,-116.64,-39.23,136.51,-215.4,-3.24,37.26,2.84,2.27,-82.2,1.0
1.0,2.0,123.98,-2.94,-25.17,-3.89,96.57,-92.06,-5.49,-153.43,-1.06,-91.0,7.56,-8.87,-188.18,0.0
2.0,2.0,79.3,-72.74,-57.59,8.88,-88.18,-71.8,14.5,-46.74,1.41,-4.2,35.05,-12.57,-191.6,1.0
2.0,3.0,-73.6,37.2,-56.89,48.16,70.06,101.25,31.9,-11.94,-6.04,127.48,-36.28,1.8,-97.49,2.0
2.0,1.0,28.66,42.29,-6.08,-20.18,48.46,-60.42,-97.61,-9.01,7.57,-125.79,7.03,-13.75,-3.9,1.0
1.0,1.0,-78.81,43.15,-11.31,4.19,54.57,-54.96,90.64,-0.41,-3.26,-37.48,12.79,0.72,-114.13,1.0
1.0,2.0,110.43,-65.23,23.32,-18.25,-29.09,-63.32,-45.55,224.97,0.36,-11.25,-30.26,1.53,-33.11,0.0
1.0,1.0,-81.02,9.78,31.08,14.82,57.61,-8.61,31.26,94.14,-1.16,-18.75,8.36,8.47,12.9,1.0
2.0,2.0,31.55,-25.26,-19.21,-11.41,87.52,-6.75,-157.14,20.08,0.6,-113.71,2.49,-8.29,21.54,1.0
0.0,2.0,-40.33,-0.75,43.72,52.58,-48.41,40.28,-110.37,129.66,-2.27,157.63,11.28,3.51,-33.36,0.0
2.0,2.0,4.15,-7.84,9.52,-18.67,-245.33,21.34,78.48,-102.7,-1.58,220.52,38.88,-1.84,-61.86,0.0
1.0,1.0,42.94,-14.47,45.98,72.58,208.96,-33.82,-35.53,106.15,2.38,-147.7,26.88,21.29,-5.58,0.0
2.0,2.0,44.84,40.97,-126.22,-31.6,56.74,64.64,63.54,101.89,1.21,-103.29,-39.43,-1.63,12.41,1.0
1.0,2.0,53.58,90.28,-16.63,-42.72,-175.51,2.92,-125.22,-95.19,-3.19,116.33,16.07,8.06,-46.65,0.0
1.0,1.0,-143.22,-3.13,85.5,29.8,-153.48,-56.44,29.41,115.02,-0.61,165.66,-41.6,-2.1,18.97,2.0
1.0,0.0,-46.5,-48.51,-22.01,1.54,-54.52,-16.48,-36.45,-46.26,1.72,-146.17,45.35,16.37,137.63,1.0
1.0,1.0,18.18,-73.73,-27.29,25.47,-61.07,5.38,75.46,-40.03,-0.99,-100.69,52.44,3.62,94.17,2.0
1.0,1.0,-96.36,-35.09,42.51,-32.94,-20.74,-77.2,55.93,205.23,1.21,18.36,-8.2,7.61,-58.09,2.0
1.0,2.0,76.35,-25.45,-8.62,2.29,51.84,41.89,37.39,32.57,-1.88,-20.84,-6.6,-1.98,34.64,1.0
2.0,2.0,-22.26,-39.15,21.24,-11.92,-237.43,16.2,-68.18,225.31,1.88,269.1,-0.19,-4.16,-97.2,2.0
1.0,1.0,-25.84,-70.34,-19.9,34.01,-63.14,-21.68,-215.74,364.44,0.17,12.76,1.73,-3.2,-54.74,2.0
1.0,1.0,-107.21,51.01,-27.74,-16.6,5.48,12.04,-199.68,40.74,-1.28,-14.64,17.17,-7.08,-13.9,1.0
1.0,2.0,35.28,-1.54,5.97,-29.46,-45.36,78.12,115.52,47.76,0.04,80.53,-1.12,-11.03,73.44,2.0
1.0,2.0,-13.75,32.58,-37.03,-10.05,26.23,102.0,82.61,-72.67,-2.8,37.33,4.27,21.87,47.38,2.0
1.0,2.0,69.74,-15.53,70.19,32.88,-21.71,22.33,-42.59,48.27,1.65,151.74,-13.83,1.39,-22.46,0.0
